"Rank","Tier","WSID","Overall","Team","Pos","Bye","Best","Worst","Avg","Std Dev","ADP","vs. ADP"
"1","1","","Saquon Barkley","NYG","RB1","11","1","5","1.5","0.8","1.0","0.0"
"2","1","","Christian McCaffrey","CAR","RB2","7","1","10","2.4","0.9","2.0","0.0"
"3","1","","Alvin Kamara","NO","RB3","9","1","5","2.9","1.1","3.0","0.0"
"4","1","","Ezekiel Elliott","DAL","RB4","8","1","52","5.4","4.9","4.0","0.0"
"5","1","","David Johnson","ARI","RB5","12","1","23","5.9","3.1","5.0","0.0"
"6","1","","DeAndre Hopkins","HOU","WR1","10","4","17","7.4","2.1","6.0","0.0"
"7","1","","Davante Adams","GB","WR2","11","5","20","8.2","2.9","8.0","+1.0"
"8","2","","Julio Jones","ATL","WR3","9","5","16","10.2","2.5","10.0","+2.0"
"9","2","","James Conner","PIT","RB6","7","3","53","11.7","5.2","11.0","+2.0"
"10","2","","Michael Thomas","NO","WR4","9","5","25","12.9","3.6","9.0","-1.0"
"11","2","","Le'Veon Bell","NYJ","RB7","4","2","52","12.9","6.8","7.0","-4.0"
"12","2","","Odell Beckham Jr.","CLE","WR5","7","4","25","12.9","4.0","12.0","0.0"
"13","2","","Travis Kelce","KC","TE1","12","6","22","14.0","2.3","14.0","+1.0"
"14","2","","Nick Chubb","CLE","RB8","7","1","28","14.3","5.8","18.0","+4.0"
"15","2","","JuJu Smith-Schuster","PIT","WR6","7","6","28","15.0","4.2","16.0","+1.0"
"16","2","","Joe Mixon","CIN","RB9","9","6","31","15.0","4.8","17.0","+1.0"
"17","2","","Tyreek Hill","KC","WR7","12","6","30","16.7","5.2","15.0","-2.0"
"18","2","","Dalvin Cook","MIN","RB10","12","5","46","17.4","5.7","20.0","+2.0"
"19","3","","Todd Gurley","LAR","RB11","9","3","60","19.7","10.5","13.0","-6.0"
"20","3","","Mike Evans","TB","WR8","7","12","34","21.3","4.1","21.0","+1.0"
"21","3","","George Kittle","SF","TE2","4","13","69","24.2","7.5","29.0","+8.0"
"22","3","","Keenan Allen","LAC","WR9","12","16","42","26.1","4.2","24.0","+2.0"
"23","3","","T.Y. Hilton","IND","WR10","6","18","46","26.8","3.8","27.0","+4.0"
"24","3","","Antonio Brown","OAK","WR11","6","13","81","26.9","6.4","22.0","-2.0"
"25","3","","Zach Ertz","PHI","TE3","10","18","63","28.0","9.5","25.0","0.0"
"26","3","","Melvin Gordon","LAC","RB12","12","4","142","29.4","14.8","23.0","-3.0"
"27","3","","Amari Cooper","DAL","WR12","8","12","55","30.4","5.6","32.0","+5.0"
"28","3","","Adam Thielen","MIN","WR13","12","12","54","30.7","4.9","26.0","-2.0"
"29","3","","Kerryon Johnson","DET","RB13","5","14","66","31.2","10.0","30.0","+1.0"
"30","3","","Stefon Diggs","MIN","WR14","12","22","51","31.3","4.2","35.0","+5.0"
"31","3","","Damien Williams","KC","RB14","12","6","101","31.6","14.1","28.0","-3.0"
"32","4","","Marlon Mack","IND","RB15","6","14","74","34.0","9.9","36.0","+4.0"
"33","4","","Leonard Fournette","JAC","RB16","10","10","76","34.3","9.3","31.0","-2.0"
"34","4","","Devonta Freeman","ATL","RB17","9","14","59","34.6","9.6","34.0","0.0"
"35","4","","Patrick Mahomes","KC","QB1","12","10","73","34.8","13.2","19.0","-16.0"
"36","4","","Aaron Jones","GB","RB18","11","9","80","35.3","10.1","33.0","-3.0"
"37","4","","Brandin Cooks","LAR","WR15","9","20","55","35.7","4.8","40.0","+3.0"
"38","4","","Julian Edelman","NE","WR16","10","22","68","35.7","6.8","39.0","+1.0"
"39","4","","Robert Woods","LAR","WR17","9","23","59","37.4","5.8","41.0","+2.0"
"40","4","","Kenny Golladay","DET","WR18","5","31","95","41.7","6.8","42.0","+2.0"
"41","4","","Chris Godwin","TB","WR19","7","25","86","42.3","8.4","46.0","+5.0"
"42","4","","Derrick Henry","TEN","RB19","11","12","93","43.6","9.4","38.0","-4.0"
"43","4","","Josh Jacobs","OAK","RB20","6","22","187","46.4","13.5","37.0","-6.0"
"44","4","","Tyler Lockett","SEA","WR20","11","29","109","47.0","12.3","50.0","+6.0"
"45","4","","Cooper Kupp","LAR","WR21","9","30","83","47.7","9.6","48.0","+3.0"
"46","4","","Chris Carson","SEA","RB21","11","24","93","48.5","13.3","51.0","+5.0"
"47","4","","Tyler Boyd","CIN","WR22","9","32","88","52.6","10.5","59.0","+12.0"
"48","5","","Alshon Jeffery","PHI","WR23","10","34","81","54.0","10.2","70.0","+22.0"
"49","5","","Calvin Ridley","ATL","WR24","9","34","87","54.4","8.9","55.0","+6.0"
"50","5","","Mark Ingram","BAL","RB22","8","19","99","54.6","14.0","49.0","-1.0"
"51","5","","Sony Michel","NE","RB23","10","29","89","55.4","11.4","47.0","-4.0"
"52","5","","D.J. Moore","CAR","WR25","7","34","113","55.6","12.7","61.0","+9.0"
"53","5","","David Montgomery","CHI","RB24","6","11","257","56.3","19.0","57.0","+4.0"
"54","5","","Deshaun Watson","HOU","QB2","10","21","80","52.2","11.5","43.0","-11.0"
"55","5","","Allen Robinson","CHI","WR26","6","37","110","57.7","13.8","69.0","+14.0"
"56","5","","O.J. Howard","TB","TE4","7","22","95","58.3","11.5","60.0","+4.0"
"57","5","","Mike Williams","LAC","WR27","12","34","96","59.5","12.6","62.0","+5.0"
"58","5","","Aaron Rodgers","GB","QB3","11","29","87","56.0","9.8","53.0","-5.0"
"59","5","","Phillip Lindsay","DEN","RB25","10","33","103","62.0","15.3","44.0","-15.0"
"60","5","","Evan Engram","NYG","TE5","11","18","119","63.3","14.2","56.0","-4.0"
"61","5","","Hunter Henry","LAC","TE6","12","22","94","65.0","8.8","65.0","+4.0"
"62","5","","Robby Anderson","NYJ","WR28","4","35","100","65.1","13.5","74.0","+12.0"
"63","5","","A.J. Green","CIN","WR29","9","42","112","65.2","16.7","45.0","-18.0"
"64","5","","Jarvis Landry","CLE","WR30","7","30","127","65.7","15.5","63.0","-1.0"
"65","5","","James White","NE","RB26","10","27","115","66.5","14.6","52.0","-13.0"
"66","5","","Andrew Luck","IND","QB4","6","21","154","64.9","21.4","54.0","-12.0"
"67","5","","Tevin Coleman","SF","RB27","4","35","136","73.4","18.3","67.0","0.0"
"68","5","","Baker Mayfield","CLE","QB5","7","30","119","69.3","13.9","58.0","-10.0"
"69","5","","Kenyan Drake","MIA","RB28","5","19","134","74.4","21.8","66.0","-3.0"
"70","5","","Sammy Watkins","KC","WR31","12","40","148","74.4","16.4","76.0","+6.0"
"71","5","","Lamar Miller","HOU","RB29","10","42","167","75.3","18.2","68.0","-3.0"
"72","5","","Matt Ryan","ATL","QB6","9","46","131","72.1","15.7","72.0","0.0"
"73","5","","Corey Davis","TEN","WR32","11","40","137","77.1","17.4","83.0","+10.0"
"74","5","","Christian Kirk","ARI","WR33","12","47","107","78.3","13.8","77.0","+3.0"
"75","5","","Will Fuller","HOU","WR34","10","47","165","78.6","16.9","79.0","+4.0"
"76","5","","Tarik Cohen","CHI","RB30","6","40","125","78.8","16.6","64.0","-12.0"
"77","6","","Marvin Jones","DET","WR35","5","45","203","81.7","18.2","96.0","+19.0"
"78","6","","Dante Pettis","SF","WR36","4","42","142","83.3","16.2","80.0","+2.0"
"79","6","","Latavius Murray","NO","RB31","9","42","164","84.0","16.8","102.0","+23.0"
"80","6","","Curtis Samuel","CAR","WR37","7","45","169","86.2","21.9","104.0","+24.0"
"81","6","","Sterling Shepard","NYG","WR38","11","63","137","87.4","13.8","93.0","+12.0"
"82","6","","Rashaad Penny","SEA","RB32","11","46","142","88.2","15.3","81.0","-1.0"
"83","6","","Cam Newton","CAR","QB7","7","46","150","84.6","19.4","92.0","+9.0"
"84","6","","Jared Cook","NO","TE7","9","13","140","84.9","15.8","73.0","-11.0"
"85","6","","Dede Westbrook","JAC","WR39","10","39","195","90.7","23.4","95.0","+10.0"
"86","6","","Carson Wentz","PHI","QB8","10","54","162","86.6","20.3","87.0","+1.0"
"87","6","","Larry Fitzgerald","ARI","WR40","12","55","143","91.0","17.7","88.0","+1.0"
"88","6","","Russell Wilson","SEA","QB9","11","41","158","87.2","20.5","91.0","+3.0"
"89","6","","Derrius Guice","WAS","RB33","10","31","158","93.0","18.2","71.0","-18.0"
"90","6","","Courtland Sutton","DEN","WR41","10","58","135","95.4","15.7","94.0","+4.0"
"91","6","","Miles Sanders","PHI","RB34","10","45","280","93.6","35.9","82.0","-9.0"
"92","6","","Eric Ebron","IND","TE8","6","63","152","94.4","19.9","78.0","-14.0"
"93","6","","Austin Ekeler","LAC","RB35","12","52","177","99.2","21.9","75.0","-18.0"
"94","6","","Drew Brees","NO","QB10","9","21","162","95.8","20.8","84.0","-10.0"
"95","6","","David Njoku","CLE","TE9","7","62","169","96.0","18.7","89.0","-6.0"
"96","6","","Vance McDonald","PIT","TE10","7","68","262","96.6","27.1","90.0","-6.0"
"97","6","","Jared Goff","LAR","QB11","9","64","147","97.0","17.9","100.0","+3.0"
"98","6","","Royce Freeman","DEN","RB36","10","59","253","102.6","22.9","101.0","+3.0"
"99","6","","Jameis Winston","TB","QB12","7","59","204","100.9","19.4","116.0","+17.0"
"100","6","","Geronimo Allison","GB","WR42","11","60","165","108.1","21.0","118.0","+18.0"
"101","6","","Kyler Murray","ARI","QB13","12","56","202","100.3","24.9","103.0","+2.0"
"102","6","","Jordan Howard","PHI","RB37","10","57","168","106.3","22.1","97.0","-5.0"
"103","6","","Ben Roethlisberger","PIT","QB14","7","69","150","108.5","17.6","111.0","+8.0"
"104","6","","Austin Hooper","ATL","TE11","9","63","150","109.2","18.6","108.0","+4.0"
"105","7","","Anthony Miller","CHI","WR43","6","75","176","112.0","19.8","135.0","+30.0"
"106","7","","Darrell Henderson","LAR","RB38","9","31","294","116.6","34.2","86.0","-20.0"
"107","7","","Dak Prescott","DAL","QB15","8","69","161","115.6","19.7","126.0","+19.0"
"108","7","","Lamar Jackson","BAL","QB16","8","59","188","116.5","22.7","127.0","+19.0"
"109","7","","Keke Coutee","HOU","WR44","10","75","214","112.5","22.6","113.0","+4.0"
"110","7","","DeSean Jackson","PHI","WR45","10","76","219","118.9","24.2","121.0","+11.0"
"111","7","","Marquez Valdes-Scantling","GB","WR46","11","60","223","119.8","26.7","109.0","-2.0"
"112","7","","Philip Rivers","LAC","QB17","12","82","173","120.2","19.1","123.0","+11.0"
"113","7","","Delanie Walker","TEN","TE12","11","72","289","125.0","27.7","133.0","+20.0"
"114","7","","LeSean McCoy","BUF","RB39","6","76","288","120.6","30.9","106.0","-8.0"
"115","7","","Emmanuel Sanders","DEN","WR47","10","49","211","125.7","28.6","107.0","-8.0"
"116","7","","Matt Breida","SF","RB40","4","75","234","122.9","28.3","129.0","+13.0"
"117","7","","Trey Burton","CHI","TE13","6","72","222","126.9","22.4","131.0","+14.0"
"118","7","","Ronald Jones II","TB","RB41","7","66","195","124.1","22.5","105.0","-13.0"
"119","7","","Dion Lewis","TEN","RB42","11","82","282","128.3","30.7","155.0","+36.0"
"120","7","","Golden Tate","NYG","WR48","11","65","216","120.4","28.8","134.0","+14.0"
"121","7","","Donte Moncrief","PIT","WR49","7","48","234","129.5","35.5","128.0","+7.0"
"122","7","","Jordan Reed","WAS","TE14","10","77","242","134.5","24.5","141.0","+19.0"
"123","7","","Michael Gallup","DAL","WR50","8","74","226","128.2","26.6","158.0","+35.0"
"124","7","","Devin Funchess","IND","WR51","6","48","210","129.0","28.0","149.0","+25.0"
"125","7","","Duke Johnson","HOU","RB43","10","59","237","137.1","30.6","139.0","+14.0"
"126","7","","Kirk Cousins","MIN","QB18","12","69","231","127.3","24.5","151.0","+25.0"
"127","7","","Nyheim Hines","IND","RB44","6","93","285","136.4","30.0","125.0","-2.0"
"128","7","","Mitch Trubisky","CHI","QB19","6","68","254","133.4","29.2","138.0","+10.0"
"129","7","","Kalen Ballage","MIA","RB45","5","67","240","133.6","30.6","120.0","-9.0"
"130","7","","Josh Allen","BUF","QB20","6","76","254","140.8","30.4","177.0","+47.0"
"131","7","","Tyrell Williams","OAK","WR52","6","68","238","137.1","34.3","143.0","+12.0"
"132","7","","John Brown","BUF","WR53","6","48","193","135.4","22.0","166.0","+34.0"
"133","7","","Peyton Barber","TB","RB46","7","71","287","136.0","33.9","114.0","-19.0"
"134","7","","N'Keal Harry","NE","WR54","10","30","265","134.0","36.4","110.0","-24.0"
"135","7","","Adrian Peterson","WAS","RB47","10","73","224","135.1","24.8","137.0","+2.0"
"136","7","","Jack Doyle","IND","TE15","6","90","255","139.6","28.6","180.0","+44.0"
"137","7","","DaeSean Hamilton","DEN","WR55","10","70","207","141.1","26.4","211.0","+74.0"
"138","7","","Tom Brady","NE","QB21","10","79","233","143.3","26.0","124.0","-14.0"
"139","7","","Jimmy Garoppolo","SF","QB22","4","90","253","145.3","27.1","160.0","+21.0"
"140","7","","Kenny Stills","MIA","WR56","5","62","203","141.6","25.8","197.0","+57.0"
"141","7","","Jamison Crowder","NYJ","WR57","4","87","229","145.5","28.8","171.0","+30.0"
"142","7","","Mark Andrews","BAL","TE16","8","69","242","138.5","32.1","152.0","+10.0"
"143","7","","James Washington","PIT","WR58","7","65","267","146.3","34.7","117.0","-26.0"
"144","7","","Kyle Rudolph","MIN","TE17","12","93","216","146.4","20.1","147.0","+3.0"
"145","7","","Jimmy Graham","GB","TE18","11","63","267","150.7","36.0","156.0","+11.0"
"146","8","","Jaylen Samuels","PIT","RB48","7","52","291","154.2","37.7","115.0","-31.0"
"147","8","","Greg Olsen","CAR","TE19","7","80","317","150.1","33.4","146.0","-1.0"
"148","8","","Carlos Hyde","KC","RB49","12","80","309","148.1","37.0","119.0","-29.0"
"149","8","","D.K. Metcalf","SEA","WR59","11","85","295","154.7","39.4","112.0","-37.0"
"150","8","","Ito Smith","ATL","RB50","9","81","293","156.1","32.8","148.0","-2.0"
"151","8","","Albert Wilson","MIA","WR60","5","79","265","167.1","32.3","216.0","+65.0"
"152","8","","Damien Harris","NE","RB51","10","63","346","164.1","50.7","130.0","-22.0"
"153","8","","Devin Singletary","BUF","RB52","6","57","317","165.9","46.0","140.0","-13.0"
"154","8","","Sam Darnold","NYJ","QB23","4","99","265","162.5","28.0","193.0","+39.0"
"155","8","","Chris Herndon IV","NYJ","TE20","4","92","267","163.4","31.7","179.0","+24.0"
"156","8","","Mohamed Sanu","ATL","WR61","9","87","266","167.5","32.6","183.0","+27.0"
"157","8","","Dallas Goedert","PHI","TE21","10","117","277","171.5","33.2","189.0","+32.0"
"158","8","","T.J. Hockenson","DET","TE22","5","81","291","168.8","38.1","153.0","-5.0"
"159","8","","Matthew Stafford","DET","QB24","5","107","292","166.4","28.0","190.0","+31.0"
"160","8","","Adam Humphries","TEN","WR62","11","92","246","173.0","34.1","181.0","+21.0"
"161","8","","Derek Carr","OAK","QB25","6","110","297","173.9","32.0","186.0","+25.0"
"162","8","","Tre'Quan Smith","NO","WR63","9","74","231","174.5","25.6","184.0","+22.0"
"163","8","","Devante Parker","MIA","WR64","5","85","276","175.0","31.3","205.0","+42.0"
"164","8","","Parris Campbell","IND","WR65","6","64","249","168.6","33.4","154.0","-10.0"
"165","8","","Quincy Enunwa","NYJ","WR66","4","111","267","180.3","31.1","285.0","+120.0"
"166","8","","Noah Fant","DEN","TE23","10","71","270","177.8","36.1","168.0","+2.0"
"167","8","","Robert Foster","BUF","WR67","6","72","283","171.2","44.4","239.0","+72.0"
"168","8","","Chris Thompson","WAS","RB53","10","114","291","171.6","26.9","199.0","+31.0"
"169","8","","Kareem Hunt","CLE","RB54","7","80","292","175.7","38.9","98.0","-71.0"
"170","8","","Chicago (CHI)","","DST1","6","99","302","151.0","30.8","85.0","-85.0"
"171","8","","Marquise Goodwin","SF","WR68","4","96","327","168.9","39.7","219.0","+48.0"
"172","8","","Justin Jackson","LAC","RB55","12","101","288","184.9","46.0","165.0","-7.0"
"173","8","","C.J. Anderson","DET","RB56","5","123","304","174.5","28.6","187.0","+14.0"
"174","8","","Deebo Samuel","SF","WR69","4","96","304","176.9","33.9","191.0","+17.0"
"175","8","","Justice Hill","BAL","RB57","8","84","312","183.3","48.0","170.0","-5.0"
"176","8","","Andy Dalton","CIN","QB26","9","92","298","182.3","29.9","232.0","+56.0"
"177","8","","Jamaal Williams","GB","RB58","11","123","269","175.5","28.1","214.0","+37.0"
"178","8","","Jerick McKinnon","SF","RB59","4","84","358","165.9","57.2","145.0","-33.0"
"179","8","","Giovani Bernard","CIN","RB60","9","144","288","188.7","28.2","218.0","+39.0"
"180","8","","Jacksonville (JAC)","","DST2","10","130","311","161.3","32.0","136.0","-44.0"
"181","9","","Mike Davis","CHI","RB61","6","120","299","185.6","34.4","231.0","+50.0"
"182","9","","Nick Foles","JAC","QB27","10","109","307","191.8","35.3","203.0","+21.0"
"183","9","","Los Angeles (LAR)","","DST3","9","111","301","164.4","25.4","99.0","-84.0"
"184","9","","Baltimore (BAL)","","DST4","8","130","306","168.9","30.8","157.0","-27.0"
"185","9","","David Moore","SEA","WR70","11","111","267","192.3","32.2","286.0","+101.0"
"186","9","","Greg Zuerlein","LAR","K1","9","122","329","178.0","27.0","122.0","-64.0"
"187","9","","Minnesota (MIN)","","DST5","12","126","312","168.0","26.8","144.0","-43.0"
"188","9","","Zay Jones","BUF","WR71","6","85","286","195.2","38.5","236.0","+48.0"
"189","9","","Mike Gesicki","MIA","TE24","5","120","286","196.5","36.5","235.0","+46.0"
"190","9","","Marcus Mariota","TEN","QB28","11","93","296","196.8","32.3","198.0","+8.0"
"191","9","","Los Angeles (LAC)","","DST6","12","137","308","168.3","25.3","142.0","-49.0"
"192","9","","Marquise Brown","BAL","WR72","8","61","303","192.8","40.3","172.0","-20.0"
"193","9","","Randall Cobb","DAL","WR73","8","111","303","207.8","29.7","188.0","-5.0"
"194","9","","Jalen Richard","OAK","RB62","6","129","307","204.7","37.4","201.0","+7.0"
"195","9","","Houston (HOU)","","DST7","10","151","309","177.2","27.9","167.0","-28.0"
"196","9","","Justin Tucker","BAL","K2","8","129","334","185.6","27.9","132.0","-64.0"
"197","9","","Taylor Gabriel","CHI","WR74","6","107","285","205.0","26.2","270.0","+73.0"
"198","9","","Harrison Butker","KC","K3","12","152","330","185.2","21.8","150.0","-48.0"
"199","9","","Chase Edmonds","ARI","RB63","12","119","296","211.7","38.5","259.0","+60.0"
"200","9","","Tyler Eifert","CIN","TE25","9","117","296","205.4","38.9","202.0","+2.0"
"201","9","","Cleveland (CLE)","","DST8","7","150","305","186.7","26.3","161.0","-40.0"
"202","9","","A.J. Brown","TEN","WR75","11","75","303","203.4","33.2","221.0","+19.0"
"203","9","","Ted Ginn","NO","WR76","9","109","372","218.7","40.9","226.0","+23.0"
"204","9","","Marqise Lee","JAC","WR77","10","102","311","205.7","38.9","253.0","+49.0"
"205","9","","Mecole Hardman","KC","WR78","12","109","313","199.3","42.3","163.0","-42.0"
"206","9","","Stephen Gostkowski","NE","K4","10","144","331","191.7","23.6","164.0","-42.0"
"207","9","","Alexander Mattison","MIN","RB64","12","123","330","196.7","43.5","169.0","-38.0"
"208","9","","Gerald Everett","LAR","TE26","9","141","328","211.9","37.9","276.0","+68.0"
"209","9","","Trey Quinn","WAS","WR79","10","100","302","201.4","43.4","284.0","+75.0"
"210","9","","New Orleans (NO)","","DST9","9","153","307","194.9","26.5","182.0","-28.0"
"211","9","","Wil Lutz","NO","K5","9","162","332","201.2","23.9","162.0","-49.0"
"212","9","","Andy Isabella","ARI","WR80","12","116","306","212.8","40.3","241.0","+29.0"
"213","9","","Rex Burkhead","NE","RB65","10","112","328","210.1","42.9","266.0","+53.0"
"214","9","","John Ross","CIN","WR81","9","145","345","216.9","34.4","281.0","+67.0"
"215","9","","Denver (DEN)","","DST10","10","152","314","199.1","21.5","159.0","-56.0"
"216","9","","Paul Richardson","WAS","WR82","10","146","342","224.7","34.6","297.0","+81.0"
"217","9","","Nelson Agholor","PHI","WR83","10","139","292","217.0","27.9","229.0","+12.0"
"218","9","","Joe Flacco","DEN","QB29","10","155","329","231.6","38.9","237.0","+19.0"
"219","9","","New England (NE)","","DST11","10","140","304","207.9","20.7","178.0","-41.0"
"220","9","","Gus Edwards","BAL","RB66","8","116","361","215.5","40.7","260.0","+40.0"
"221","9","","Antonio Callaway","CLE","WR84","7","144","342","219.0","37.4","243.0","+22.0"
"222","9","","Ka'imi Fairbairn","HOU","K6","10","138","339","207.4","28.1","175.0","-47.0"
"223","9","","Buffalo (BUF)","","DST12","6","153","322","207.5","23.3","217.0","-6.0"
"224","9","","Malcolm Brown","LAR","RB67","9","126","357","222.9","44.9","254.0","+30.0"
"225","9","","D.J. Chark","JAC","WR85","10","88","348","230.5","33.4","319.0","+94.0"
"226","9","","Mason Crosby","GB","K7","11","168","338","216.4","23.4","209.0","-17.0"
"227","9","","Dallas (DAL)","","DST13","8","158","323","213.0","21.2","176.0","-51.0"
"228","9","","Josh Doctson","WAS","WR86","10","129","341","232.3","37.5","332.0","+104.0"
"229","9","","Cole Beasley","BUF","WR87","6","137","332","236.9","40.4","244.0","+15.0"
"230","10","","Danny Amendola","DET","WR88","5","161","339","243.3","36.1","267.0","+37.0"
"231","10","","Philadelphia (PHI)","","DST14","10","166","321","223.6","25.6","173.0","-58.0"
"232","10","","Jake Elliott","PHI","K8","10","170","333","219.9","22.7","208.0","-24.0"
"233","10","","Frank Gore","BUF","RB68","6","130","306","227.9","37.1","271.0","+38.0"
"234","10","","Seattle (SEA)","","DST15","11","184","321","226.5","22.1","222.0","-12.0"
"235","10","","Robbie Gould","SF","K9","4","168","336","229.3","26.0","195.0","-40.0"
"236","10","","Brett Maher","DAL","K10","8","172","341","226.2","25.0","196.0","-40.0"
"237","10","","Matt Prater","DET","K11","5","168","349","227.4","26.8","215.0","-22.0"
"238","10","","Michael Badgley","LAC","K12","12","174","340","231.4","25.5","212.0","-26.0"
"239","10","","Elijah McGuire","NYJ","RB69","4","114","355","224.1","47.5","302.0","+63.0"
"240","10","","Willie Snead","BAL","WR89","8","123","289","232.7","32.1","301.0","+61.0"
"241","10","","Cameron Brate","TB","TE27","7","151","343","239.9","32.8","292.0","+51.0"
"242","10","","Pittsburgh (PIT)","","DST16","7","186","313","234.5","22.2","207.0","-35.0"
"243","10","","Adam Vinatieri","IND","K13","6","172","337","238.5","22.5","206.0","-37.0"
"244","10","","Tennessee (TEN)","","DST17","11","184","317","232.2","22.6","227.0","-17.0"
"245","10","","Jason Witten","DAL","TE28","8","122","334","233.0","39.3","200.0","-45.0"
"246","10","","T.J. Yeldon","BUF","RB70","6","116","388","241.6","42.9","251.0","+5.0"
"247","10","","Josh Reynolds","LAR","WR90","9","164","325","246.0","29.4","341.0","+94.0"
"248","10","","Eli Manning","NYG","QB30","11","131","350","247.7","32.0","248.0","0.0"
"249","10","","Tony Pollard","DAL","RB71","8","119","361","210.6","54.7","185.0","-64.0"
"250","10","","Darren Waller","OAK","TE29","6","127","373","206.2","52.9","230.0","-20.0"
"251","10","","Ian Thomas","CAR","TE30","7","158","319","239.7","33.2","262.0","+11.0"
"252","10","","Indianapolis (IND)","","DST18","6","186","313","240.3","27.4","224.0","-28.0"
"253","10","","Ryquell Armstead","JAC","RB72","10","133","326","235.3","43.5","264.0","+11.0"
"254","10","","Equanimeous St. Brown","GB","WR91","11","178","331","249.9","34.0","346.0","+92.0"
"255","10","","D'Onta Foreman","IND","RB73","6","100","439","212.0","69.9","174.0","-81.0"
"256","10","","Rashard Higgins","CLE","WR92","7","107","349","244.6","48.6","263.0","+7.0"
"257","10","","Jason Myers","SEA","K14","11","174","345","248.2","27.1","223.0","-34.0"
"258","10","","Kansas City (KC)","","DST19","12","167","318","249.2","29.7","194.0","-64.0"
"259","10","","J.J. Arcega-Whiteside","PHI","WR93","10","151","307","242.8","36.5","268.0","+9.0"
"260","10","","Kenneth Dixon","BAL","RB74","8","120","348","235.7","54.4","338.0","+78.0"
"261","10","","Dwayne Haskins","WAS","QB31","10","140","325","246.7","42.7","220.0","-41.0"
"262","10","","Doug Martin","OAK","RB75","6","123","317","243.9","36.5","325.0","+63.0"
"263","10","","Keelan Cole","JAC","WR94","10","90","348","254.4","33.6","354.0","+91.0"
"264","10","","Phillip Dorsett","NE","WR95","10","165","368","252.3","40.1","294.0","+30.0"
"265","10","","Chris Conley","JAC","WR96","10","145","371","255.4","35.6","383.0","+118.0"
"266","10","","Ricky Seals-Jones","ARI","TE31","12","141","339","250.4","38.6","322.0","+56.0"
"267","10","","Graham Gano","CAR","K15","7","189","343","250.5","24.5","246.0","-21.0"
"268","10","","Darwin Thompson","KC","RB76","12","95","352","229.6","60.2","204.0","-64.0"
"269","10","","Ryan Fitzpatrick","MIA","QB32","5","151","395","260.1","44.3","272.0","+3.0"
"270","10","","Hayden Hurst","BAL","TE32","8","186","349","251.7","29.1","312.0","+42.0"
"271","10","","Carolina (CAR)","","DST20","7","198","327","256.3","23.0","240.0","-31.0"
"272","10","","Aldrick Rosas","NYG","K16","11","185","300","254.8","21.1","225.0","-47.0"
"273","10","","Theo Riddick","DEN","RB77","10","143","413","258.5","42.7","287.0","+14.0"
"274","10","","Josh Rosen","MIA","QB33","5","133","388","272.4","45.3","274.0","0.0"
"275","10","","Dan Bailey","MIN","K17","12","184","344","261.4","29.2","213.0","-62.0"
"276","10","","Green Bay (GB)","","DST21","11","160","318","265.7","28.7","228.0","-48.0"
"277","10","","Ryan Succop","TEN","K18","11","201","351","272.7","25.7","249.0","-28.0"
"278","10","","Atlanta (ATL)","","DST22","9","161","319","264.8","27.3","242.0","-36.0"
"279","10","","Miles Boykin","BAL","WR97","8","110","314","241.8","48.4","279.0","0.0"
"280","10","","Taywan Taylor","TEN","WR98","11","197","363","266.9","34.1","403.0","+123.0"
"281","10","","Hakeem Butler","ARI","WR99","12","85","375","263.9","37.9","280.0","-1.0"
"282","10","","Chris Boswell","PIT","K19","7","198","342","269.9","24.3","275.0","-7.0"
"283","10","","Terry McLaurin","WAS","WR100","10","86","372","235.0","52.3","328.0","+45.0"
"284","10","","Corey Clement","PHI","RB78","10","189","337","273.2","31.9","352.0","+68.0"
"285","10","","Breshad Perriman","TB","WR101","7","141","360","266.9","45.2","374.0","+89.0"
"286","10","","Chris Hogan","CAR","WR102","7","160","359","267.4","35.7","305.0","+19.0"
"287","10","","Demaryius Thomas","NE","WR103","10","179","422","258.4","44.6","245.0","-42.0"
"288","10","","Dexter Williams","GB","RB79","11","152","403","266.0","51.7","278.0","-10.0"
"289","10","","Arizona (ARI)","","DST23","12","210","337","283.7","27.5","269.0","-20.0"
"290","10","","Benny Snell Jr.","PIT","RB80","7","70","346","266.8","47.0","257.0","-33.0"
"291","11","","Ty Montgomery","NYJ","RB81","4","156","385","270.2","50.7","330.0","+39.0"
"292","11","","Brandon McManus","DEN","K20","10","203","313","277.6","18.6","261.0","-31.0"
"293","11","","Case Keenum","WAS","QB34","10","191","416","291.7","41.3","343.0","+50.0"
"294","11","","Josh Lambo","JAC","K21","10","204","352","285.7","24.7","315.0","+21.0"
"295","11","","Washington (WAS)","","DST24","10","195","321","289.7","29.6","250.0","-45.0"
"296","11","","Alfred Blue","JAC","RB82","10","146","378","283.4","49.4","314.0","+18.0"
"297","11","","Detroit (DET)","","DST25","5","212","346","294.9","25.6","247.0","-50.0"
"298","11","","Greg Joseph","CLE","K22","7","192","348","279.0","30.1","424.0","+126.0"
"299","11","","Giorgio Tavecchio","ATL","K23","9","178","335","259.9","39.2","210.0","-89.0"
"300","11","","Will Dissly","SEA","TE33","11","151","339","247.2","45.8","342.0","+42.0"
"301","11","","Nick Vannett","SEA","TE34","11","199","359","276.5","34.4","453.0","+152.0"
"302","11","","Jordan Wilkins","IND","RB83","6","204","402","294.1","38.1","373.0","+71.0"
"303","11","","Diontae Johnson","PIT","WR104","7","133","371","272.1","43.6","313.0","+10.0"
"304","11","","Demarcus Robinson","KC","WR105","12","113","349","271.6","39.9","290.0","-14.0"
"305","11","","Cordarrelle Patterson","CHI","WR106","6","215","347","285.5","32.1","392.0","+87.0"
"306","11","","KeeSean Johnson","ARI","WR107","12","129","383","249.5","62.1","316.0","+10.0"
"307","11","","Devontae Booker","DEN","RB84","10","172","372","294.9","34.1","375.0","+68.0"
"308","11","","Josh Adams","PHI","RB85","10","111","486","283.0","65.1","413.0","+105.0"
"309","11","","Steven Hauschka","BUF","K24","6","208","338","294.2","22.4","309.0","0.0"
"310","11","","Jalen Hurd","SF","WR108","4","114","368","260.0","51.3","273.0","-37.0"
"311","11","","Charles Clay","ARI","TE35","12","177","359","283.7","32.1","420.0","+109.0"
"312","11","","New York (NYG)","","DST26","11","215","346","302.3","25.7","282.0","-30.0"
"313","11","","New York (NYJ)","","DST27","4","180","334","279.9","32.2","238.0","-75.0"
"314","11","","Cairo Santos","TB","K25","7","214","332","298.5","26.4","660.0","+346.0"
"315","11","","Jake Kumerow","GB","WR109","11","210","360","295.7","33.8","386.0","+71.0"
"316","11","","Irv Smith Jr.","MIN","TE36","12","212","354","275.6","35.7","234.0","-82.0"
"317","11","","Deon Cain","IND","WR110","6","187","400","293.6","45.5","311.0","-6.0"
"318","11","","Daniel Carlson","OAK","K26","6","209","355","298.3","25.0","340.0","+22.0"
"319","11","","Jonnu Smith","TEN","TE37","11","142","352","274.9","32.1","397.0","+78.0"
"320","11","","Josh Gordon","NE","WR111","10","92","374","243.0","72.1","192.0","-128.0"
"321","11","","Jordan Thomas","HOU","TE38","10","169","377","254.3","50.1","308.0","-13.0"
"322","11","","Wendell Smallwood","PHI","RB86","10","239","437","310.9","38.2","391.0","+69.0"
"323","11","","Daniel Jones","NYG","QB35","11","193","417","303.7","50.7","258.0","-65.0"
"324","11","","Wayne Gallman","NYG","RB87","11","233","381","304.5","31.4","344.0","+20.0"
"325","11","","Matt LaCosse","NE","TE39","10","159","366","264.2","48.4","265.0","-60.0"
"326","11","","Hunter Renfrow","OAK","WR112","6","124","378","258.5","49.8","298.0","-28.0"
"327","11","","Keith Kirkwood","NO","WR113","9","205","370","294.9","38.1","551.0","+224.0"
"328","11","","Ryan Grant","OAK","WR114","6","227","395","295.0","34.2","765.0","+437.0"
"329","11","","San Francisco (SF)","","DST28","4","184","350","304.0","33.5","233.0","-96.0"
"330","11","","Travis Benjamin","LAC","WR115","12","198","380","264.7","46.1","372.0","+42.0"
"331","11","","Mike Weber","DAL","RB88","8","235","411","314.7","45.4","295.0","-36.0"
"332","11","","Geoff Swaim","JAC","TE40","10","183","377","269.1","56.5","318.0","-14.0"
"333","11","","Ryan Tannehill","TEN","QB36","11","190","420","316.4","47.1","406.0","+73.0"
"334","11","","Miami (MIA)","","DST29","5","211","361","308.4","30.0","289.0","-45.0"
"335","11","","John Kelly","LAR","RB89","9","236","431","311.1","40.4","682.0","+347.0"
"336","11","","Spencer Ware","IND","RB90","6","179","393","290.2","46.0","400.0","+64.0"
"337","11","","Qadree Ollison","ATL","RB91","9","195","391","296.7","54.3","293.0","-44.0"
"338","11","","Maurice Harris","NE","WR116","10","160","380","265.0","46.3","300.0","-38.0"
"339","11","","Justin Watson","TB","WR117","7","188","338","268.2","39.6","445.0","+106.0"
"340","11","","Matt Bryant","FA","K27","","194","319","262.4","39.3","324.0","-16.0"
"341","11","","Bruce Anderson","TB","RB92","7","173","350","271.3","47.9","331.0","-10.0"
"342","11","","Jace Sternberger","GB","TE41","11","173","388","280.5","45.3","365.0","+23.0"
"343","11","","Trent Taylor","SF","WR118","4","182","739","294.6","105.4","349.0","+6.0"
"344","11","","Brian Hill","ATL","RB93","9","171","485","267.3","76.9","347.0","+3.0"
"345","11","","Bilal Powell","NYJ","RB94","4","211","450","314.9","51.6","353.0","+8.0"
"346","11","","Tampa Bay (TB)","","DST30","7","230","348","305.4","25.5","326.0","-20.0"
"347","11","","Cameron Artis-Payne","CAR","RB95","7","237","415","325.3","31.6","335.0","-12.0"
"348","11","","Cameron Meredith","NE","WR119","10","224","393","306.0","37.7","873.0","+525.0"
"349","11","","Benjamin Watson","NE","TE42","10","153","368","273.3","38.7","256.0","-93.0"
"350","12","","Vernon Davis","WAS","TE43","10","191","345","282.0","47.3","451.0","+101.0"
"351","12","","Blake Jarwin","DAL","TE44","8","178","360","274.6","38.8","291.0","-60.0"
"352","12","","Rod Smith","NYG","RB96","11","235","519","330.6","43.4","1,024.0","+672.0"
"353","12","","Josh Oliver","JAC","TE45","10","131","406","290.6","60.0","366.0","+13.0"
"354","12","","C.J. Uzomah","CIN","TE46","9","154","375","291.0","44.1","350.0","-4.0"
"355","12","","Dustin Hopkins","WAS","K28","10","216","342","316.2","17.5","307.0","-48.0"
"356","12","","Jake Butt","DEN","TE47","10","247","384","306.3","35.8","382.0","+26.0"
"357","12","","Alfred Morris","DAL","RB97","8","187","517","292.0","72.9","252.0","-105.0"
"358","12","","Myles Gaskin","MIA","RB98","5","152","404","334.8","29.1","363.0","+5.0"
"359","12","","Kendrick Bourne","SF","WR120","4","179","397","305.7","43.4","423.0","+64.0"
"360","12","","Trayveon Williams","CIN","RB99","9","231","416","327.6","44.0","306.0","-54.0"
"361","12","","J'Mon Moore","GB","WR121","11","250","383","312.3","33.6","858.0","+497.0"
"362","12","","Tim Patrick","DEN","WR122","10","216","382","315.8","47.5","477.0","+115.0"
"363","12","","Zach Zenner","DET","RB100","5","204","387","323.3","34.1","428.0","+65.0"
"364","12","","Dawson Knox","BUF","TE48","6","157","400","302.8","52.9","381.0","+17.0"
"365","12","","Jakobi Meyers","NE","WR123","10","112","683","281.9","119.1","283.0","-82.0"
"366","12","","Dontrell Hilliard","CLE","RB101","7","206","381","280.8","47.5","333.0","-33.0"
"367","12","","Jesse James","DET","TE49","5","189","364","291.4","50.5","277.0","-90.0"
"368","12","","Adam Shaheen","CHI","TE50","6","179","367","309.5","42.2","425.0","+57.0"
"369","12","","Tyler Higbee","LAR","TE51","9","209","361","303.3","39.1","371.0","+2.0"
"370","12","","Jay Ajayi","FA","RB102","","117","371","284.1","52.6","255.0","-115.0"
"371","12","","Preston Williams","MIA","WR124","5","141","409","280.4","60.3","303.0","-68.0"
"372","12","","Kelvin Harmon","WAS","WR125","10","153","393","315.9","47.8","317.0","-55.0"
"373","12","","Michael Crabtree","FA","WR126","","210","367","265.4","40.6","368.0","-5.0"
"374","12","","Damarea Crockett","HOU","RB103","10","209","427","311.1","59.2","466.0","+92.0"
"375","12","","Jeff Wilson","SF","RB104","4","252","487","334.9","46.7","492.0","+117.0"
"376","12","","Dontrelle Inman","NE","WR127","10","156","391","311.4","45.6","727.0","+351.0"
"377","12","","Ryan Switzer","PIT","WR128","7","218","411","302.9","49.2","441.0","+64.0"
"378","12","","Darren Sproles","PHI","RB105","10","222","432","304.0","57.7","288.0","-90.0"
"379","12","","Jaron Brown","SEA","WR129","11","194","410","314.9","53.5","426.0","+47.0"
"380","12","","Chad Beebe","MIN","WR130","12","203","382","286.7","55.1","461.0","+81.0"
"381","12","","Andre Ellington","TB","RB106","7","246","405","310.1","47.3","1,023.0","+642.0"
"382","12","","Gary Jennings","SEA","WR131","11","176","379","313.7","50.6","479.0","+97.0"
"383","12","","Drew Lock","DEN","QB37","10","238","418","322.4","47.9","345.0","-38.0"
"384","12","","Darrel Williams","KC","RB107","12","200","402","323.1","49.4","359.0","-25.0"
"385","12","","Ameer Abdullah","MIN","RB108","12","271","512","344.1","47.9","508.0","+123.0"
"386","12","","Bryce Love","WAS","RB109","10","156","391","320.3","50.0","320.0","-66.0"
"387","12","","Rodney Anderson","CIN","RB110","9","230","502","341.4","52.5","321.0","-66.0"
"388","12","","Chester Rogers","IND","WR132","6","222","396","325.4","40.4","448.0","+60.0"
"389","12","","Chandler Catanzaro","FA","K29","","213","341","307.2","22.3","339.0","-50.0"
"390","12","","Cody Latimer","NYG","WR133","11","195","352","270.7","42.5","379.0","-11.0"
"391","12","","Luke Willson","OAK","TE52","6","267","356","311.4","27.9","743.0","+352.0"
"392","12","","Kahale Warring","HOU","TE53","10","185","364","321.1","28.7","430.0","+38.0"
"393","12","","Laquon Treadwell","MIN","WR134","12","260","398","328.7","35.5","434.0","+41.0"
"394","12","","Jordan Scarlett","CAR","RB111","7","187","463","330.6","65.5","378.0","-16.0"
"395","12","","Mike Boone","MIN","RB112","12","224","409","325.4","40.4","1,007.0","+612.0"
"396","12","","Zane Gonzalez","ARI","K30","12","235","346","317.8","26.0","348.0","-48.0"
"397","12","","Taysom Hill","NO","QB38","9","258","469","339.1","59.0","380.0","-17.0"
"398","12","","Trenton Cannon","NYJ","RB113","4","248","418","346.3","29.3","410.0","+12.0"
"399","12","","Riley Ridley","CHI","WR135","6","173","386","323.0","38.1","310.0","-89.0"
"400","12","","Jakeem Grant","MIA","WR136","5","204","362","301.1","54.0","1,018.0","+618.0"
"401","12","","Karan Higdon","HOU","RB114","10","145","629","331.9","104.7","502.0","+101.0"
"402","12","","Ty Johnson","DET","RB115","5","158","423","289.9","72.0","418.0","+16.0"
"403","12","","Blake Bortles","LAR","QB39","9","261","464","343.2","55.2","385.0","-18.0"
"404","12","","Darius Slayton","NYG","WR137","11","219","385","326.1","52.6","468.0","+64.0"
"405","12","","Mark Walton","MIA","RB116","5","264","360","329.2","18.5","1,025.0","+620.0"
"406","12","","Jordan Matthews","SF","WR138","4","250","477","333.5","52.4","454.0","+48.0"
"407","12","","Tyler Kroft","BUF","TE54","6","242","373","327.4","43.9","421.0","+14.0"
"408","12","","Jarius Wright","CAR","WR139","7","249","376","315.6","38.2","449.0","+41.0"
"409","12","","Allen Hurns","MIA","WR140","5","175","391","341.1","38.2","714.0","+305.0"
"410","12","","Cody Parkey","FA","K31","","222","312","292.3","15.8","367.0","-43.0"
"411","12","","Cincinnati (CIN)","","DST31","9","255","354","313.8","25.9","337.0","-74.0"
"412","12","","Demetrius Harris","CLE","TE55","7","256","375","314.9","33.8","429.0","+17.0"
"413","12","","Chris Moore","BAL","WR141","8","172","313","276.5","23.6","355.0","-58.0"
"414","13","","Randy Bullock","CIN","K32","9","268","353","325.1","16.4","412.0","-2.0"
"415","13","","Alex Collins","FA","RB117","","155","330","262.0","62.6","411.0","-4.0"
"416","13","","Travis Homer","SEA","RB118","11","213","407","332.6","46.5","496.0","+80.0"
"417","13","","Oakland (OAK)","","DST32","6","288","355","333.6","17.9","296.0","-121.0"
"418","13","","Jason Croom","BUF","TE56","6","232","391","303.2","52.1","919.0","+501.0"
"419","13","","Jeff Heuerman","DEN","TE57","10","192","385","324.3","59.0","432.0","+13.0"
"420","13","","Elijah Holyfield","CAR","RB119","7","79","570","324.8","112.5","336.0","-84.0"
"421","13","","Austin Seferian-Jenkins","FA","TE58","","162","358","286.8","42.7","583.0","+162.0"
"422","13","","Foster Moreau","OAK","TE59","6","249","392","313.8","46.6","499.0","+77.0"
"423","13","","Dez Bryant","FA","WR142","","242","347","287.6","39.1","304.0","-119.0"
"424","13","","Torrey Smith","CAR","WR143","7","248","402","333.6","40.2","563.0","+139.0"
"425","13","","Alex Erickson","CIN","WR144","9","297","366","336.9","17.3","1,009.0","+584.0"
"426","13","","Kevin White","ARI","WR145","12","213","403","320.2","52.4","518.0","+92.0"
"427","13","","Tajae Sharpe","TEN","WR146","11","252","408","323.0","51.1","457.0","+30.0"
"428","13","","Matt Gay","TB","K33","7","252","347","304.6","31.2","299.0","-129.0"
"429","13","","Emanuel Hall","FA","WR147","","219","736","379.0","166.2","360.0","-69.0"
"430","13","","Jordan Akins","HOU","TE60","10","215","380","308.0","57.5","890.0","+460.0"
"431","13","","Pierre Garcon","FA","WR148","","257","302","275.5","18.6","541.0","+110.0"
"432","13","","Rhett Ellison","NYG","TE61","11","278","387","312.0","39.2","653.0","+221.0"
"433","13","","Nick Mullens","SF","QB40","4","260","620","363.5","127.0","463.0","+30.0"
"434","13","","Marcus Murphy","BUF","RB120","6","316","459","352.6","44.2","959.0","+525.0"
"435","13","","Eli Rogers","PIT","WR149","7","288","401","335.0","37.6","658.0","+223.0"
"436","13","","Josh Ferguson","HOU","RB121","10","169","430","314.6","92.6","1,022.0","+586.0"
"437","13","","Josh Hill","NO","TE62","9","277","377","337.2","24.9","399.0","-38.0"
"438","13","","Chad Williams","ARI","WR150","12","278","397","324.0","43.8","557.0","+119.0"
"439","13","","Justin Hardy","ATL","WR151","9","271","369","326.6","34.0","1,017.0","+578.0"
"440","13","","Javorius Allen","FA","RB122","","296","387","330.6","30.3","444.0","+4.0"
"441","13","","James O'Shaughnessy","JAC","TE63","10","270","390","330.8","44.7","459.0","+18.0"
"442","13","","Teddy Bridgewater","NO","QB41","9","275","576","390.8","79.8","376.0","-66.0"
"443","13","","Jacob Hollister","SEA","TE64","11","264","468","337.2","69.0","864.0","+421.0"
"444","13","","Alex Barnes","TEN","RB123","11","271","473","356.8","63.2","472.0","+28.0"
"445","13","","Mo Alie-Cox","IND","TE65","6","293","410","334.8","42.3","440.0","-5.0"
"446","13","","Devine Ozigbo","NO","RB124","9","314","750","404.7","156.4","362.0","-84.0"
"447","13","","Eddy Pineiro","CHI","K34","6","298","350","336.6","11.3","334.0","-113.0"
"448","13","","Brandon Powell","DET","WR152","5","266","368","337.6","37.1","602.0","+154.0"
"449","13","","Jacoby Brissett","IND","QB42","6","241","572","362.8","123.3","427.0","-22.0"
"450","13","","Seth Roberts","BAL","WR153","8","246","372","338.2","36.4","456.0","+6.0"
"451","13","","LeGarrette Blount","FA","RB125","","302","326","315.0","9.5","401.0","-50.0"
"452","13","","DeAndre Carter","HOU","WR154","10","303","393","341.6","29.5","544.0","+92.0"
"453","13","","Nick Boyle","BAL","TE66","8","242","369","317.8","48.6","690.0","+237.0"
"454","13","","J.J. Nelson","OAK","WR155","6","310","389","344.2","28.5","515.0","+61.0"
"455","13","","Mack Hollins","PHI","WR156","10","295","354","319.8","21.4","783.0","+328.0"
"456","13","","Isaiah McKenzie","BUF","WR157","6","252","391","345.8","49.8","460.0","+4.0"
"457","13","","J.D. McKissic","SEA","RB126","11","238","622","392.2","115.8","1,020.0","+563.0"
"458","13","","Blake Bell","KC","TE67","12","259","388","348.2","49.5","394.0","-64.0"
"459","13","","Tavon Austin","DAL","WR158","8","272","376","324.3","37.3","402.0","-57.0"
"460","13","","Scott Miller","TB","WR159","7","259","392","365.2","18.0","",""
"461","13","","Jordan Taylor","MIN","WR160","12","272","367","325.5","35.4","1,002.0","+541.0"
"462","13","","Greg Dortch","NYJ","WR161","4","275","701","390.3","179.6","615.0","+153.0"
"463","13","","Trevon Wesco","NYJ","TE68","4","303","359","327.3","20.2","726.0","+263.0"
"464","13","","Dwayne Allen","MIA","TE69","5","206","353","292.0","62.6","604.0","+140.0"
"465","13","","Russell Shepard","NYG","WR162","11","317","347","332.5","10.7","1,001.0","+536.0"
"466","13","","Darius Jackson","DAL","RB127","8","310","391","357.0","36.6","327.0","-139.0"
"467","13","","Drew Sample","CIN","TE70","9","257","480","343.3","90.3","494.0","+27.0"
"468","13","","Austin Carr","NO","WR163","9","328","389","360.6","23.4","555.0","+87.0"
"469","13","","Richie James","SF","WR164","4","253","384","339.3","51.0","871.0","+402.0"
"470","13","","Kyle Juszczyk","SF","RB128","4","230","385","361.8","40.5","439.0","-31.0"
"471","13","","Xavier Grimble","PIT","TE71","7","264","377","308.0","49.4","880.0","+409.0"
"472","13","","Marcell Ateman","OAK","WR165","6","305","373","342.8","25.4","803.0","+331.0"
"473","13","","Corey Grant","FA","RB129","","284","491","355.8","80.2","885.0","+412.0"
"474","13","","Dan Arnold","NO","TE72","9","282","402","346.8","45.8","627.0","+153.0"
"475","13","","Bennie Fowler","NYG","WR166","11","295","332","316.3","15.6","692.0","+217.0"
"476","13","","Raheem Mostert","SF","RB130","4","274","390","369.0","23.5","946.0","+470.0"
"477","13","","Colt McCoy","WAS","QB43","10","262","426","317.3","76.8","760.0","+283.0"
"478","13","","Chris Ivory","FA","RB131","","303","330","320.0","12.1","490.0","+12.0"
"479","13","","Luke Stocker","ATL","TE73","9","297","403","352.8","39.3","816.0","+337.0"
"480","13","","Kelvin Benjamin","FA","WR167","","261","263","262.0","1.0","507.0","+27.0"
"481","13","","Virgil Green","LAC","TE74","12","291","345","324.3","23.8","517.0","+36.0"
"482","13","","Braxton Berrios","NE","WR168","10","236","415","326.7","73.1","524.0","+42.0"
"483","13","","Ryan Griffin","NYJ","TE75","4","223","637","392.0","177.4","473.0","-10.0"
"484","13","","Jason Sanders","MIA","K35","5","316","339","329.3","9.7","388.0","-96.0"
"485","13","","Garrett Celek","SF","TE76","4","239","379","330.7","64.9","708.0","+223.0"
"486","13","","Zach Pascal","IND","WR169","6","311","365","333.0","23.2","475.0","-11.0"
"487","13","","James Develin","NE","RB132","10","329","387","362.3","21.0","370.0","-117.0"
"488","13","","Anthony Johnson","TB","WR170","7","178","694","418.3","212.1","",""
"489","13","","Noah Brown","DAL","WR171","8","313","373","337.0","25.9","542.0","+53.0"
"490","13","","Trent Sherfield","ARI","WR172","12","289","405","337.3","49.3","578.0","+88.0"
"491","13","","Maxx Williams","ARI","TE77","12","289","383","339.0","38.6","731.0","+240.0"
"492","13","","Andre Roberts","BUF","WR173","6","319","368","339.0","21.0","723.0","+231.0"
"493","13","","Josh Bellamy","NYJ","WR174","4","331","348","339.3","6.9","512.0","+19.0"
"494","13","","Will Grier","CAR","QB44","7","239","420","384.2","19.9","408.0","-86.0"
"495","13","","Kaden Smith","SF","TE78","4","265","652","413.7","170.2","667.0","+172.0"
"496","13","","Cody Core","CIN","WR175","9","311","376","346.3","26.8","608.0","+112.0"
"497","13","","Dalton Schultz","DAL","TE79","8","292","376","347.7","39.4","523.0","+26.0"
"498","13","","Kenjon Barner","ATL","RB133","9","331","496","397.2","56.9","716.0","+218.0"
"499","13","","Benny Cunningham","FA","RB134","","251","352","301.5","50.5","1,021.0","+522.0"
"500","13","","Brice Butler","MIA","WR176","5","269","443","350.0","71.5","711.0","+211.0"
"501","13","","Juwann Winfree","DEN","WR177","10","332","400","374.3","27.7","646.0","+145.0"
"502","13","","Dwayne Washington","NO","RB135","9","355","392","375.0","13.5","970.0","+468.0"
"503","13","","DeAndre Washington","OAK","RB136","6","360","386","376.5","10.2","676.0","+173.0"
"504","13","","Auden Tate","CIN","WR178","9","285","330","307.5","22.5","699.0","+195.0"
"505","13","","Vyncint Smith","HOU","WR179","10","334","382","355.7","19.9","589.0","+84.0"
"506","13","","Tyrod Taylor","LAC","QB45","12","319","478","387.0","68.0","600.0","+94.0"
"507","13","","Lil'Jordan Humphrey","NO","WR180","9","180","636","408.0","228.0","519.0","+12.0"
"508","13","","Russell Gage","ATL","WR181","9","309","414","358.7","43.1","1,012.0","+504.0"
"509","13","","Alize Mack","NO","TE80","9","304","488","373.7","81.5","548.0","+39.0"
"510","13","","Byron Pringle","KC","WR182","12","342","669","438.8","133.5","467.0","-43.0"
"511","13","","Gregory Howell","HOU","RB137","10","257","685","442.3","179.4","997.0","+486.0"
"512","13","","Anthony Firkser","TEN","TE81","11","281","362","321.5","40.5","853.0","+341.0"
"513","14","","Ed Dickson","SEA","TE82","11","306","412","364.0","43.8","500.0","-13.0"
"514","14","","Josh Malone","CIN","WR183","9","300","552","400.7","108.9","969.0","+455.0"
"515","14","","Lee Smith","BUF","TE83","6","293","453","370.0","65.5","848.0","+333.0"
"516","14","","Keelan Doss","OAK","WR184","6","301","635","430.7","146.2","",""
"517","14","","Damion Ratley","CLE","WR185","7","301","358","329.5","28.5","493.0","-24.0"
"518","14","","Dillon Mitchell","MIN","WR186","12","302","537","399.0","100.2","766.0","+248.0"
"519","14","","Lance Kendricks","NE","TE84","10","227","768","497.5","270.5","528.0","+9.0"
"520","14","","Robert Griffin","BAL","QB46","8","337","441","392.8","40.8","398.0","-122.0"
"521","14","","Nick O'Leary","MIA","TE85","5","326","354","340.0","14.0","915.0","+394.0"
"522","14","","Paul Perkins","NYG","RB138","11","287","458","379.7","70.5","613.0","+91.0"
"523","14","","DaMarkus Lodge","TB","WR187","7","238","707","472.5","234.5","",""
"524","14","","Antoine Wesley","BAL","WR188","8","240","756","498.0","258.0","907.0","+383.0"
"525","14","","Elijhaa Penny","NYG","RB139","11","336","356","346.0","10.0","1,019.0","+494.0"
"526","14","","David Sills","BUF","WR189","6","245","710","477.5","232.5","",""
"527","14","","Detrez Newsome","LAC","RB140","12","308","426","380.7","51.9","883.0","+356.0"
"528","14","","Boston Scott","PHI","RB141","10","323","507","401.0","77.7","1,015.0","+487.0"
"529","14","","Jacquizz Rodgers","NO","RB142","9","325","531","410.7","87.6","599.0","+70.0"
"530","14","","DeShone Kizer","GB","QB47","11","275","628","444.0","144.5","447.0","-83.0"
"531","14","","Marvin Hall","CHI","WR190","6","343","457","388.7","49.2","903.0","+372.0"
"532","14","","Zach Gentry","PIT","TE86","7","280","433","356.5","76.5","567.0","+35.0"
"533","14","","Shawn Poindexter","SF","WR191","4","267","732","499.5","232.5","",""
"534","14","","Jordan Lasley","OAK","WR192","6","268","757","512.5","244.5","603.0","+69.0"
"535","14","","C.J. Conrad","NYG","TE87","11","272","497","384.5","112.5","718.0","+183.0"
"536","14","","C.J. Prosise","SEA","RB143","11","334","493","404.0","66.3","609.0","+73.0"
"537","14","","Anthony Ratliff-Williams","TEN","WR193","11","273","759","516.0","243.0","",""
"538","14","","John Ursua","SEA","WR194","11","327","396","361.5","34.5","788.0","+250.0"
"539","14","","Travis Fulgham","DET","WR195","5","332","395","363.5","31.5","722.0","+183.0"
"540","14","","D'Ernest Johnson","CLE","RB144","7","312","424","368.0","56.0","",""
"541","14","","Eric Tomlinson","NYJ","TE88","4","364","373","368.5","4.5","804.0","+263.0"
"542","14","","Richard Rodgers","PHI","TE89","10","290","592","441.0","151.0","606.0","+64.0"
"543","14","","Zach Line","NO","RB145","9","361","379","370.0","9.0","1,016.0","+473.0"
"544","14","","T.J. Logan","ARI","RB146","12","332","455","399.3","50.9","875.0","+331.0"
"545","14","","Deontay Burnett","NYJ","WR196","4","337","409","373.0","36.0","505.0","-40.0"
"546","14","","CJ Ham","MIN","RB147","12","365","382","373.5","8.5","647.0","+101.0"
"547","14","","Emmanuel Butler","NO","WR197","9","315","638","476.5","161.5","481.0","-66.0"
"548","14","","Brett Hundley","ARI","QB48","12","319","447","383.0","64.0","652.0","+104.0"
"549","14","","Matt Schaub","ATL","QB49","9","333","583","450.3","102.6","497.0","-52.0"
"550","14","","Ishmael Hyman","CLE","WR198","7","324","675","499.5","175.5","",""
"551","14","","Isaac Nauta","DET","TE90","5","330","560","445.0","115.0","685.0","+134.0"
"552","14","","Anthony Sherman","KC","RB148","12","386","393","389.5","3.5","450.0","-102.0"
"553","14","","Eric Saubert","NE","TE91","10","335","658","496.5","161.5","916.0","+363.0"
"554","14","","Charles Johnson","PHI","WR199","10","337","528","432.5","95.5","893.0","+339.0"
"555","14","","David Fluellen","TEN","RB149","11","388","399","393.5","5.5","965.0","+410.0"
"556","14","","Aldrick Robinson","CAR","WR200","7","341","449","395.0","54.0","482.0","-74.0"
"557","14","","Logan Paulsen","ATL","TE92","9","341","513","427.0","86.0","673.0","+116.0"
"558","14","","Matt Barkley","BUF","QB50","6","351","516","433.5","82.5","455.0","-103.0"
"559","14","","Kelvin McKnight","DEN","WR201","10","352","751","551.5","199.5","882.0","+323.0"
"560","14","","Logan Thomas","DET","TE93","5","394","408","401.0","7.0","888.0","+328.0"
"561","14","","Fred Brown","DEN","WR202","10","355","764","559.5","204.5","",""
"562","14","","Terry Godwin","CAR","WR203","7","356","745","550.5","194.5","564.0","+2.0"
"563","14","","Darius Jennings","TEN","WR204","11","357","556","456.5","99.5","844.0","+281.0"
"564","14","","Daurice Fountain","IND","WR205","6","357","704","530.5","173.5","823.0","+259.0"
"565","14","","Marcus Green","ATL","WR206","9","359","695","527.0","168.0","770.0","+205.0"
"566","14","","Chris Warren III","FA","RB150","","362","728","545.0","183.0","552.0","-14.0"
"567","14","","Olabisi Johnson","MIN","WR207","12","363","505","434.0","71.0","785.0","+218.0"
"568","14","","Ryan Finley","CIN","QB51","9","380","431","405.5","25.5","484.0","-84.0"
"569","14","","Chase Daniel","CHI","QB52","6","378","524","445.3","60.1","668.0","+99.0"
"570","14","","Dwayne Harris","OAK","WR208","6","369","446","407.5","38.5","693.0","+123.0"
"571","14","","Trinity Benson","DEN","WR209","10","370","755","562.5","192.5","",""
"572","14","","Olamide Zaccheaus","ATL","RB151","9","374","691","532.5","158.5","",""
"573","14","","River Cracraft","DEN","WR210","10","378","746","562.0","184.0","746.0","+173.0"
"574","14","","JoJo Natson","LAR","WR211","9","379","724","551.5","172.5","782.0","+208.0"
"575","14","","Pharoh Cooper","ARI","WR212","12","380","656","518.0","138.0","533.0","-42.0"
"576","14","","Levine Toilolo","SF","TE94","4","412","419","415.5","3.5","565.0","-11.0"
"577","14","","Kenneth Farrow","MIA","RB152","5","386","621","503.5","117.5","869.0","+292.0"
"578","14","","Drew Stanton","CLE","QB53","7","390","565","477.5","87.5","458.0","-120.0"
"579","15","","Samaje Perine","WAS","RB153","10","404","593","498.5","94.5","612.0","+33.0"
"580","15","","Durham Smythe","MIA","TE95","5","407","758","582.5","175.5","936.0","+356.0"
"581","15","","Kerrith Whyte","CHI","RB154","6","410","608","509.0","99.0","",""
"582","15","","Keon Hatcher","OAK","WR213","6","413","681","547.0","134.0","810.0","+228.0"
"583","15","","Devontae Jackson","DEN","RB155","10","413","738","575.5","162.5","",""
"584","15","","Tony Brooks-James","ATL","RB156","9","414","682","548.0","134.0","",""
"585","15","","Nate Sudfeld","PHI","QB54","10","428","585","506.5","78.5","576.0","-9.0"
"586","15","","C.J. Beathard","SF","QB55","4","436","534","485.0","49.0","487.0","-99.0"
"587","15","","Trevor Siemian","NYJ","QB56","4","437","567","502.0","65.0","572.0","-15.0"
"588","15","","AJ McCarron","HOU","QB57","10","439","574","506.5","67.5","545.0","-43.0"
"589","15","","Chad Henne","KC","QB58","12","442","644","543.0","101.0","769.0","+180.0"
"590","15","","Jeff Driskel","CIN","QB59","9","443","501","472.0","29.0","738.0","+148.0"
"591","15","","Mason Rudolph","PIT","QB60","7","444","634","539.0","95.0","476.0","-115.0"
"592","15","","Joshua Dobbs","PIT","QB61","7","445","690","567.5","122.5","431.0","-161.0"
"593","16","","Mike Glennon","OAK","QB62","6","446","613","529.5","83.5","776.0","+183.0"
""
""