"Rank","WSID","Overall","Team","Pos","Bye","Best","Worst","Avg","Std Dev","ADP","vs. ADP"
"1","","Todd Gurley","LAR","RB1","12","1","5","1.7","1.0","1.0","0.0"
"2","","Le'Veon Bell","PIT","RB2","7","1","7","2.2","1.2","2.0","0.0"
"3","","David Johnson","ARI","RB3","9","1","8","3.8","1.5","4.0","+1.0"
"4","","Ezekiel Elliott","DAL","RB4","8","1","11","4.2","1.8","3.0","-1.0"
"5","","Antonio Brown","PIT","WR1","7","1","9","4.3","1.4","5.0","0.0"
"6","","DeAndre Hopkins","HOU","WR2","10","3","16","7.5","2.3","8.0","+2.0"
"7","","Alvin Kamara","NO","RB5","6","2","19","7.7","3.2","6.0","-1.0"
"8","","Odell Beckham Jr.","NYG","WR3","9","4","16","8.9","2.3","10.0","+2.0"
"9","","Saquon Barkley","NYG","RB6","9","3","25","9.2","3.8","7.0","-2.0"
"10","","Julio Jones","ATL","WR4","8","4","19","10.6","2.4","13.0","+3.0"
"11","","Michael Thomas","NO","WR5","6","6","23","12.7","3.1","15.0","+4.0"
"12","","Kareem Hunt","KC","RB7","12","5","26","12.9","4.2","9.0","-3.0"
"13","","Melvin Gordon","LAC","RB8","8","7","22","13.0","3.8","11.0","-2.0"
"14","","Keenan Allen","LAC","WR6","8","9","25","14.4","3.0","16.0","+2.0"
"15","","Leonard Fournette","JAC","RB9","9","6","42","15.5","6.5","12.0","-3.0"
"16","","Dalvin Cook","MIN","RB10","10","7","38","16.2","4.9","14.0","-2.0"
"17","","A.J. Green","CIN","WR7","9","11","22","16.2","2.3","19.0","+2.0"
"18","","Davante Adams","GB","WR8","7","10","23","16.6","3.0","18.0","0.0"
"19","","Devonta Freeman","ATL","RB11","8","14","43","21.4","4.8","20.0","+1.0"
"20","","Mike Evans","TB","WR9","5","13","38","22.3","4.9","22.0","+2.0"
"21","","Christian McCaffrey","CAR","RB12","4","12","49","24.0","6.9","17.0","-4.0"
"22","","Rob Gronkowski","NE","TE1","11","15","59","24.5","7.3","21.0","-1.0"
"23","","Jerick McKinnon","SF","RB13","11","14","57","24.6","7.5","23.0","0.0"
"24","","Jordan Howard","CHI","RB14","5","17","46","26.9","5.2","24.0","0.0"
"25","","T.Y. Hilton","IND","WR10","9","14","64","27.0","7.4","28.0","+3.0"
"26","","Adam Thielen","MIN","WR11","10","16","43","27.6","5.9","29.0","+3.0"
"27","","Doug Baldwin","SEA","WR12","7","18","52","28.9","8.5","33.0","+6.0"
"28","","Travis Kelce","KC","TE2","12","20","54","29.5","6.8","26.0","-2.0"
"29","","Joe Mixon","CIN","RB15","9","14","58","30.6","8.0","25.0","-4.0"
"30","","Stefon Diggs","MIN","WR13","10","17","57","31.2","7.1","32.0","+2.0"
"31","","Larry Fitzgerald","ARI","WR14","9","17","53","31.8","7.3","35.0","+4.0"
"32","","Tyreek Hill","KC","WR15","12","19","60","33.4","7.8","31.0","-1.0"
"33","","Amari Cooper","OAK","WR16","7","21","62","36.6","8.5","37.0","+4.0"
"34","","Demaryius Thomas","DEN","WR17","10","20","65","37.9","7.9","41.0","+7.0"
"35","","LeSean McCoy","BUF","RB16","11","15","102","39.2","18.7","27.0","-8.0"
"36","","Zach Ertz","PHI","TE3","9","16","63","39.2","10.1","34.0","-2.0"
"37","","Allen Robinson","CHI","WR18","5","23","79","40.5","10.5","40.0","+3.0"
"38","","Alex Collins","BAL","RB17","10","24","74","40.7","9.4","45.0","+7.0"
"39","","Aaron Rodgers","GB","QB1","7","26","209","42.4","31.8","30.0","-9.0"
"40","","Golden Tate","DET","WR19","6","26","61","42.3","6.4","44.0","+4.0"
"41","","Alshon Jeffery","PHI","WR20","9","24","70","43.0","9.3","52.0","+11.0"
"42","","Kenyan Drake","MIA","RB18","11","23","92","43.2","12.4","38.0","-4.0"
"43","","Derrius Guice","WAS","RB19","4","24","69","43.5","11.0","36.0","-7.0"
"44","","JuJu Smith-Schuster","PIT","WR21","7","32","77","47.8","9.4","47.0","+3.0"
"45","","Jay Ajayi","PHI","RB20","9","17","82","48.3","11.9","48.0","+3.0"
"46","","Marvin Jones","DET","WR22","6","25","77","51.4","10.5","58.0","+12.0"
"47","","Jarvis Landry","CLE","WR23","11","31","90","52.0","12.7","43.0","-4.0"
"48","","Brandin Cooks","LAR","WR24","12","21","95","52.1","14.1","42.0","-6.0"
"49","","Josh Gordon","CLE","WR25","11","19","115","52.4","18.8","50.0","+1.0"
"50","","Derrick Henry","TEN","RB21","8","27","97","54.1","15.6","39.0","-11.0"
"51","","Lamar Miller","HOU","RB22","10","29","103","54.9","13.9","57.0","+6.0"
"52","","Russell Wilson","SEA","QB2","7","29","81","48.8","9.7","53.0","+1.0"
"53","","Dion Lewis","TEN","RB23","8","37","89","57.3","10.8","61.0","+8.0"
"54","","Mark Ingram","NO","RB24","6","25","96","58.6","15.7","55.0","+1.0"
"55","","Tom Brady","NE","QB3","11","35","78","53.0","9.2","54.0","-1.0"
"56","","Rashaad Penny","SEA","RB25","7","24","127","60.6","19.1","49.0","-7.0"
"57","","Michael Crabtree","BAL","WR26","10","38","113","63.0","13.7","67.0","+10.0"
"58","","Royce Freeman","DEN","RB26","10","33","107","63.4","17.7","56.0","-2.0"
"59","","Greg Olsen","CAR","TE4","4","43","109","63.6","11.4","62.0","+3.0"
"60","","Cam Newton","CAR","QB4","4","36","82","57.7","11.0","66.0","+6.0"
"61","","Corey Davis","TEN","WR27","8","39","126","65.0","15.7","64.0","+3.0"
"62","","Deshaun Watson","HOU","QB5","10","31","87","59.8","12.2","46.0","-16.0"
"63","","Sammy Watkins","KC","WR28","12","37","118","67.3","16.1","69.0","+6.0"
"64","","Chris Hogan","NE","WR29","11","40","103","67.4","16.6","68.0","+4.0"
"65","","Evan Engram","NYG","TE5","9","22","102","69.3","14.4","63.0","-2.0"
"66","","Ronald Jones II","TB","RB27","5","34","185","69.9","23.3","51.0","-15.0"
"67","","Pierre Garcon","SF","WR30","11","41","102","71.3","12.7","83.0","+16.0"
"68","","Emmanuel Sanders","DEN","WR31","10","46","129","72.1","17.7","77.0","+9.0"
"69","","Jimmy Graham","GB","TE6","7","39","126","73.6","16.8","59.0","-10.0"
"70","","Sony Michel","NE","RB28","11","32","161","74.3","24.0","60.0","-10.0"
"71","","Drew Brees","NO","QB6","6","37","108","68.8","14.1","75.0","+4.0"
"72","","Robert Woods","LAR","WR32","12","51","138","75.8","15.0","82.0","+10.0"
"73","","Rex Burkhead","NE","RB29","11","36","136","75.9","22.2","80.0","+7.0"
"74","","Delanie Walker","TEN","TE7","8","37","127","76.2","14.5","72.0","-2.0"
"75","","Tevin Coleman","ATL","RB30","8","33","123","77.5","16.7","70.0","-5.0"
"76","","Carson Wentz","PHI","QB7","9","43","151","71.1","16.0","65.0","-11.0"
"77","","Devin Funchess","CAR","WR33","4","47","131","78.0","14.1","78.0","+1.0"
"78","","Robby Anderson","NYJ","WR34","11","40","130","79.8","17.6","96.0","+18.0"
"79","","Marshawn Lynch","OAK","RB31","7","51","160","80.5","19.9","79.0","0.0"
"80","","Jamison Crowder","WAS","WR35","4","44","145","81.1","18.0","85.0","+5.0"
"81","","Kyle Rudolph","MIN","TE8","10","45","123","81.3","13.8","73.0","-8.0"
"82","","Kirk Cousins","MIN","QB8","10","44","116","76.4","15.5","89.0","+7.0"
"83","","Cooper Kupp","LAR","WR36","12","59","109","83.4","9.7","95.0","+12.0"
"84","","Randall Cobb","GB","WR37","7","43","194","84.8","24.4","92.0","+8.0"
"85","","Marlon Mack","IND","RB32","9","41","147","90.6","20.0","84.0","-1.0"
"86","","Devante Parker","MIA","WR38","11","52","175","91.2","21.2","93.0","+7.0"
"87","","Matthew Stafford","DET","QB9","6","58","140","86.1","15.3","101.0","+14.0"
"88","","Marquise Goodwin","SF","WR39","11","48","135","92.8","18.4","94.0","+6.0"
"89","","Duke Johnson","CLE","RB33","11","45","143","93.8","22.0","88.0","-1.0"
"90","","Will Fuller","HOU","WR40","10","63","140","94.7","16.9","71.0","-19.0"
"91","","Kerryon Johnson","DET","RB34","6","28","143","94.1","24.0","81.0","-10.0"
"92","","Isaiah Crowell","NYJ","RB35","11","53","139","96.5","19.0","87.0","-5.0"
"93","","Trey Burton","CHI","TE9","5","61","145","97.1","16.9","99.0","+6.0"
"94","","Julian Edelman","NE","WR41","11","48","185","97.5","25.3","74.0","-20.0"
"95","","Tarik Cohen","CHI","RB36","5","53","180","98.9","20.7","76.0","-19.0"
"96","","Andrew Luck","IND","QB10","9","48","173","94.1","25.1","90.0","-6.0"
"97","","Chris Thompson","WAS","RB37","4","47","237","98.6","28.2","117.0","+20.0"
"98","","Sterling Shepard","NYG","WR42","9","70","164","99.9","15.4","104.0","+6.0"
"99","","Jordy Nelson","OAK","WR43","7","53","156","101.1","18.8","98.0","-1.0"
"100","","Jordan Reed","WAS","TE10","4","69","186","101.2","17.8","86.0","-14.0"
"101","","Ben Roethlisberger","PIT","QB11","7","63","126","96.1","15.6","103.0","+2.0"
"102","","C.J. Anderson","CAR","RB38","4","47","175","102.8","23.7","109.0","+7.0"
"103","","Jamaal Williams","GB","RB39","7","67","151","99.9","19.6","97.0","-6.0"
"104","","Carlos Hyde","CLE","RB40","11","58","186","104.7","23.2","91.0","-13.0"
"105","","Nelson Agholor","PHI","WR44","9","57","156","104.8","16.6","105.0","0.0"
"106","","Philip Rivers","LAC","QB12","8","61","144","101.1","16.7","111.0","+5.0"
"107","","Kelvin Benjamin","BUF","WR45","11","72","191","107.0","18.3","108.0","+1.0"
"108","","Jimmy Garoppolo","SF","QB13","11","59","147","102.2","19.1","100.0","-8.0"
"109","","Kenny Stills","MIA","WR46","11","52","189","107.1","24.2","120.0","+11.0"
"110","","George Kittle","SF","TE11","11","73","160","114.1","19.5","118.0","+8.0"
"111","","Jack Doyle","IND","TE12","9","73","241","116.9","26.1","112.0","+1.0"
"112","","Matt Ryan","ATL","QB14","8","71","141","111.9","16.9","106.0","-6.0"
"113","","Rishard Matthews","TEN","WR47","8","83","181","113.7","19.2","146.0","+33.0"
"114","","Marqise Lee","JAC","WR48","9","83","236","116.1","27.6","125.0","+11.0"
"115","","Allen Hurns","DAL","WR49","8","54","231","117.4","30.8","115.0","0.0"
"116","","Jared Goff","LAR","QB15","12","76","154","116.3","16.9","110.0","-6.0"
"117","","Patrick Mahomes","KC","QB16","12","64","204","117.3","22.9","114.0","-3.0"
"118","","Marcus Mariota","TEN","QB17","8","70","187","118.0","21.6","123.0","+5.0"
"119","","Ty Montgomery","GB","RB41","7","65","197","125.8","26.2","116.0","-3.0"
"120","","David Njoku","CLE","TE13","11","91","167","127.9","17.5","130.0","+10.0"
"121","","Nick Chubb","CLE","RB42","11","72","215","128.4","25.6","102.0","-19.0"
"122","","Aaron Jones","GB","RB43","7","61","219","127.6","28.9","113.0","-9.0"
"123","","Giovani Bernard","CIN","RB44","9","89","194","127.6","22.2","134.0","+11.0"
"124","","Alex Smith","WAS","QB18","4","66","170","128.9","19.7","126.0","+2.0"
"125","","Josh Doctson","WAS","WR50","4","91","228","132.0","25.1","144.0","+19.0"
"126","","Kenny Golladay","DET","WR51","6","94","212","133.9","26.3","147.0","+21.0"
"127","","Dak Prescott","DAL","QB19","8","83","190","132.7","17.4","131.0","+4.0"
"128","","Devontae Booker","DEN","RB45","10","87","223","134.6","28.5","132.0","+4.0"
"129","","Cameron Meredith","NO","WR52","6","90","212","136.9","29.7","136.0","+7.0"
"130","","O.J. Howard","TB","TE14","5","95","214","139.8","24.7","149.0","+19.0"
"131","","DeSean Jackson","TB","WR53","5","94","223","136.5","27.4","165.0","+34.0"
"132","","D.J. Moore","CAR","WR54","4","79","245","141.8","34.8","119.0","-13.0"
"133","","Theo Riddick","DET","RB46","6","97","210","139.5","19.4","148.0","+15.0"
"134","","Tyler Eifert","CIN","TE15","9","107","231","141.2","21.7","140.0","+6.0"
"135","","James White","NE","RB47","11","86","206","138.9","22.4","145.0","+10.0"
"136","","Bilal Powell","NYJ","RB48","11","83","214","139.6","29.6","173.0","+37.0"
"137","","Tyler Lockett","SEA","WR55","7","85","236","142.5","33.5","163.0","+26.0"
"138","","Charles Clay","BUF","TE16","11","105","208","145.8","21.8","172.0","+34.0"
"139","","Chris Carson","SEA","RB49","7","75","257","148.2","37.2","124.0","-15.0"
"140","","Jacksonville Jaguars","","DST1","9","113","344","146.2","33.0","107.0","-33.0"
"141","","Mohamed Sanu","ATL","WR56","8","92","242","143.2","28.8","171.0","+30.0"
"142","","Eric Ebron","IND","TE17","9","62","201","146.6","24.9","177.0","+35.0"
"143","","Cameron Brate","TB","TE18","5","95","267","149.0","26.4","169.0","+26.0"
"144","","Corey Clement","PHI","RB50","9","97","199","147.1","24.3","137.0","-7.0"
"145","","Minnesota Vikings","","DST2","10","125","363","152.5","34.3","129.0","-16.0"
"146","","Blake Bortles","JAC","QB20","9","81","212","152.3","25.1","174.0","+28.0"
"147","","Mitch Trubisky","CHI","QB21","5","77","211","154.5","21.9","156.0","+9.0"
"148","","Derek Carr","OAK","QB22","7","88","226","155.2","22.8","127.0","-21.0"
"149","","Dez Bryant","FA","WR57","","47","215","136.6","45.7","142.0","-7.0"
"150","","Anthony Miller","CHI","WR58","5","90","237","147.3","33.6","157.0","+7.0"
"151","","Jared Cook","OAK","TE19","7","102","195","152.7","22.1","176.0","+25.0"
"152","","Calvin Ridley","ATL","WR59","8","90","215","153.1","28.4","122.0","-30.0"
"153","","Mike Williams","LAC","WR60","8","90","228","155.5","35.9","141.0","-12.0"
"154","","Philadelphia Eagles","","DST3","9","131","365","159.2","32.8","133.0","-21.0"
"155","","Paul Richardson","WAS","WR61","4","99","248","152.3","31.0","167.0","+12.0"
"156","","D'Onta Foreman","HOU","RB51","10","71","249","157.3","33.0","138.0","-18.0"
"157","","Nyheim Hines","IND","RB52","9","86","244","152.0","35.0","139.0","-18.0"
"158","","Eli Manning","NYG","QB23","9","90","215","160.1","24.2","159.0","+1.0"
"159","","Los Angeles Rams","","DST4","12","121","373","161.7","35.0","121.0","-38.0"
"160","","Latavius Murray","MIN","RB53","10","94","209","158.4","25.3","158.0","-2.0"
"161","","Matt Breida","SF","RB54","11","107","225","159.4","27.8","160.0","-1.0"
"162","","Austin Seferian-Jenkins","JAC","TE20","9","103","253","165.2","30.9","161.0","-1.0"
"163","","Tyrell Williams","LAC","WR62","8","96","245","163.2","41.8","185.0","+22.0"
"164","","Los Angeles Chargers","","DST5","8","134","367","166.2","32.6","153.0","-11.0"
"165","","Ted Ginn","NO","WR63","6","83","231","161.9","29.8","203.0","+38.0"
"166","","Case Keenum","DEN","QB24","10","89","213","165.7","24.7","181.0","+15.0"
"167","","Houston Texans","","DST6","10","136","388","169.0","34.1","151.0","-16.0"
"168","","Denver Broncos","","DST7","10","138","386","170.2","34.9","164.0","-4.0"
"169","","Dede Westbrook","JAC","WR64","9","87","247","165.2","37.3","178.0","+9.0"
"170","","LeGarrette Blount","DET","RB55","6","108","249","167.8","30.1","155.0","-15.0"
"171","","Doug Martin","OAK","RB56","7","103","212","164.3","30.7","150.0","-21.0"
"172","","Jameis Winston","TB","QB25","5","98","238","171.1","31.9","166.0","-6.0"
"173","","Martavis Bryant","OAK","WR65","7","111","255","167.2","30.6","154.0","-19.0"
"174","","Ricky Seals-Jones","ARI","TE21","9","107","235","172.1","29.5","207.0","+33.0"
"175","","Andy Dalton","CIN","QB26","9","95","254","172.6","27.7","184.0","+9.0"
"176","","Peyton Barber","TB","RB57","5","114","245","171.8","31.4","188.0","+12.0"
"177","","Frank Gore","MIA","RB58","11","110","228","169.3","25.0","205.0","+28.0"
"178","","Chris Godwin","TB","WR66","5","74","234","174.3","34.2","179.0","+1.0"
"179","","Michael Gallup","DAL","WR67","8","118","247","170.1","28.4","152.0","-27.0"
"180","","Benjamin Watson","NO","TE22","6","109","232","171.6","27.8","191.0","+11.0"
"181","","Stephen Gostkowski","NE","K1","11","128","274","173.4","23.6","135.0","-46.0"
"182","","Baltimore Ravens","","DST8","10","140","375","177.5","33.0","162.0","-20.0"
"183","","Justin Tucker","BAL","K2","10","143","247","178.4","19.6","143.0","-40.0"
"184","","Greg Zuerlein","LAR","K3","12","141","242","177.6","17.7","128.0","-56.0"
"185","","Austin Hooper","ATL","TE23","8","127","276","182.3","28.4","212.0","+27.0"
"186","","Chris Ivory","BUF","RB59","11","107","268","177.5","35.5","221.0","+35.0"
"187","","Donte Moncrief","JAC","WR68","9","82","246","183.5","37.9","231.0","+44.0"
"188","","Kenneth Dixon","BAL","RB60","10","112","232","177.3","29.9","216.0","+28.0"
"189","","Vance McDonald","PIT","TE24","7","117","294","184.0","32.7","183.0","-6.0"
"190","","Tyrod Taylor","CLE","QB27","11","109","253","185.5","31.3","215.0","+25.0"
"191","","Ryan Tannehill","MIA","QB28","11","91","251","187.9","28.1","218.0","+27.0"
"192","","Mike Gesicki","MIA","TE25","11","121","274","180.9","33.2","168.0","-24.0"
"193","","Austin Ekeler","LAC","RB61","8","108","267","185.1","34.0","192.0","-1.0"
"194","","Quincy Enunwa","NYJ","WR69","11","105","249","187.9","35.0","251.0","+57.0"
"195","","Jordan Wilkins","IND","RB62","9","109","300","180.8","42.3","175.0","-20.0"
"196","","New Orleans Saints","","DST9","6","146","404","189.5","34.6","186.0","-10.0"
"197","","Matt Bryant","ATL","K4","8","146","256","186.1","22.2","198.0","+1.0"
"198","","T.J. Yeldon","JAC","RB63","9","115","250","178.8","29.9","210.0","+12.0"
"199","","Danny Amendola","MIA","WR70","11","114","257","189.6","35.3","187.0","-12.0"
"200","","John Brown","BAL","WR71","10","121","254","190.9","31.5","256.0","+56.0"
"201","","Mike Wallace","PHI","WR72","9","139","249","188.5","27.1","273.0","+72.0"
"202","","Christian Kirk","ARI","WR73","9","95","250","187.0","32.5","182.0","-20.0"
"203","","Jordan Matthews","FA","WR74","","109","350","181.6","48.0","219.0","+16.0"
"204","","Seattle Seahawks","","DST10","7","136","410","196.5","42.9","253.0","+49.0"
"205","","Corey Coleman","BUF","WR75","11","103","274","197.8","41.7","252.0","+47.0"
"206","","New England Patriots","","DST11","11","139","401","192.9","34.5","189.0","-17.0"
"207","","Keelan Cole","JAC","WR76","9","119","246","187.3","29.2","190.0","-17.0"
"208","","Spencer Ware","KC","RB64","12","109","259","190.2","34.1","214.0","+6.0"
"209","","John Ross","CIN","WR77","9","113","263","188.8","42.2","199.0","-10.0"
"210","","Jermaine Kearse","NYJ","WR78","11","113","288","196.1","35.6","276.0","+66.0"
"211","","Darren Sproles","PHI","RB65","9","134","242","185.6","25.4","261.0","+50.0"
"212","","Wil Lutz","NO","K5","6","152","240","193.5","19.2","193.0","-19.0"
"213","","Pittsburgh Steelers","","DST12","7","157","387","198.7","32.9","206.0","-7.0"
"214","","Terrance Williams","DAL","WR79","8","119","258","200.1","37.5","275.0","+61.0"
"215","","Carolina Panthers","","DST13","4","160","391","197.6","32.4","217.0","+2.0"
"216","","Cole Beasley","DAL","WR80","8","117","281","199.6","37.6","232.0","+16.0"
"217","","Samaje Perine","WAS","RB66","4","107","342","193.6","42.1","224.0","+7.0"
"218","","Kansas City Chiefs","","DST14","12","151","418","206.9","39.6","245.0","+27.0"
"219","","Geronimo Allison","GB","WR81","7","128","344","198.2","34.0","200.0","-19.0"
"220","","Albert Wilson","MIA","WR82","11","141","259","202.6","32.1","260.0","+40.0"
"221","","Jake Elliott","PHI","K6","9","164","257","201.4","22.8","204.0","-17.0"
"222","","Javorius Allen","BAL","RB67","10","95","255","195.4","32.0","222.0","0.0"
"223","","Hayden Hurst","BAL","TE26","10","120","274","195.0","33.8","170.0","-53.0"
"224","","Ryan Grant","IND","WR83","9","121","272","204.6","36.0","303.0","+79.0"
"225","","Matt Prater","DET","K7","6","163","250","201.7","20.3","233.0","+8.0"
"226","","Terrelle Pryor","NYJ","WR84","11","128","256","204.7","32.6","238.0","+12.0"
"227","","Brandon Marshall","SEA","WR85","7","134","270","203.2","37.4","289.0","+62.0"
"228","","Dan Bailey","DAL","K8","8","151","278","205.0","27.1","213.0","-15.0"
"229","","Chicago Bears","","DST15","5","164","412","209.2","35.8","247.0","+18.0"
"230","","Wayne Gallman","NYG","RB68","9","129","322","207.2","42.6","332.0","+102.0"
"231","","Chris Boswell","PIT","K9","7","159","261","207.6","22.0","195.0","-36.0"
"232","","Luke Willson","DET","TE27","6","136","257","200.2","32.2","287.0","+55.0"
"233","","Atlanta Falcons","","DST16","8","166","415","214.6","37.0","220.0","-13.0"
"234","","Arizona Cardinals","","DST17","9","158","433","213.6","40.9","229.0","-5.0"
"235","","Courtland Sutton","DEN","WR86","10","122","278","215.2","33.7","196.0","-39.0"
"236","","Harrison Butker","KC","K10","12","165","245","208.3","21.4","209.0","-27.0"
"237","","Taywan Taylor","TEN","WR87","8","127","264","205.6","30.9","268.0","+31.0"
"238","","James Washington","PIT","WR88","7","124","271","212.6","30.9","225.0","-13.0"
"239","","Kalen Ballage","MIA","RB69","11","152","319","216.7","43.2","194.0","-45.0"
"240","","Eric Decker","NE","WR89","11","123","290","208.4","44.0","180.0","-60.0"
"241","","Tyler Kroft","CIN","TE28","9","75","276","208.6","58.4","302.0","+61.0"
"242","","Sam Bradford","ARI","QB29","9","150","569","222.5","67.8","264.0","+22.0"
"243","","Mason Crosby","GB","K11","7","166","259","212.0","21.6","226.0","-17.0"
"244","","C.J. Prosise","SEA","RB70","7","155","337","219.8","46.2","281.0","+37.0"
"245","","Ameer Abdullah","DET","RB71","6","133","362","216.2","49.5","280.0","+35.0"
"246","","Jonathan Stewart","NYG","RB72","9","148","282","209.3","27.8","265.0","+19.0"
"247","","Joe Flacco","BAL","QB30","10","158","279","212.4","24.0","249.0","+2.0"
"248","","Dante Pettis","SF","WR90","11","153","264","215.5","28.6","234.0","-14.0"
"249","","Brandon LaFell","FA","WR91","","148","252","199.1","38.6","354.0","+105.0"
"250","","Zay Jones","BUF","WR92","11","174","262","216.4","25.9","290.0","+40.0"
"251","","Robbie Gould","SF","K12","11","166","254","213.9","23.1","230.0","-21.0"
"252","","Dallas Goedert","PHI","TE29","9","81","309","223.7","59.3","274.0","+22.0"
"253","","Antonio Gates","FA","TE30","","159","194","171.8","14.4","297.0","+44.0"
"254","","Elijah McGuire","NYJ","RB73","11","163","295","219.8","35.6","254.0","0.0"
"255","","Brice Butler","ARI","WR93","9","137","298","227.1","40.8","357.0","+102.0"
"256","","Gerald Everett","LAR","TE31","12","155","260","218.6","29.7","284.0","+28.0"
"257","","Willie Snead","BAL","WR94","10","157","262","220.4","28.8","291.0","+34.0"
"258","","Kai Forbath","MIN","K13","10","158","287","215.7","32.3","272.0","+14.0"
"259","","Vernon Davis","WAS","TE32","4","176","275","217.7","25.8","288.0","+29.0"
"260","","Brandon McManus","DEN","K14","10","161","279","220.6","29.2","301.0","+41.0"
"261","","New York Giants","","DST18","9","171","456","228.1","50.4","295.0","+34.0"
"262","","Jake Butt","DEN","TE33","10","158","285","223.2","32.9","250.0","-12.0"
"263","","Tyler Higbee","LAR","TE34","12","102","303","233.0","77.5","372.0","+109.0"
"264","","Blake Jarwin","DAL","TE35","8","103","349","238.8","75.2","310.0","+46.0"
"265","","Green Bay Packers","","DST19","7","168","295","226.8","27.7","285.0","+20.0"
"266","","Curtis Samuel","CAR","WR95","4","154","291","228.3","47.7","343.0","+77.0"
"267","","Chester Rogers","IND","WR96","9","128","289","217.1","36.9","308.0","+41.0"
"268","","Josh McCown","NYJ","QB31","11","163","570","237.2","76.2","319.0","+51.0"
"269","","Tennessee Titans","","DST20","8","182","251","216.2","23.0","227.0","-42.0"
"270","","J.J. Nelson","ARI","WR97","9","178","263","224.1","26.9","361.0","+91.0"
"271","","John Kelly","LAR","RB74","12","162","371","241.4","54.0","277.0","+6.0"
"272","","Rod Smith","DAL","RB75","8","161","327","236.2","42.9","317.0","+45.0"
"273","","James Conner","PIT","RB76","7","175","332","230.2","44.4","259.0","-14.0"
"274","","Travis Benjamin","LAC","WR98","8","170","305","220.0","34.7","300.0","+26.0"
"275","","Cincinnati Bengals","","DST21","9","182","278","229.2","25.6","328.0","+53.0"
"276","","Graham Gano","CAR","K15","4","177","293","221.2","22.3","239.0","-37.0"
"277","","Chase Edmonds","ARI","RB77","9","172","310","229.4","31.5","255.0","-22.0"
"278","","Ed Dickson","SEA","TE36","7","171","258","220.2","22.5","298.0","+20.0"
"279","","Jesse James","PIT","TE37","7","155","277","231.1","39.3","348.0","+69.0"
"280","","Trent Taylor","SF","WR99","11","160","262","221.3","23.5","309.0","+29.0"
"281","","Steven Hauschka","BUF","K16","11","167","280","220.8","40.5","320.0","+39.0"
"282","","Ka'imi Fairbairn","HOU","K17","10","170","267","215.0","28.8","246.0","-36.0"
"283","","Cairo Santos","NYJ","K18","11","169","297","236.1","35.8","243.0","-40.0"
"284","","Stephen Anderson","HOU","TE38","10","161","314","237.4","49.9","330.0","+46.0"
"285","","Ryan Succop","TEN","K19","8","181","338","222.6","34.4","241.0","-44.0"
"286","","Keke Coutee","HOU","WR100","10","161","362","250.0","54.6","278.0","-8.0"
"287","","Jeremy Hill","NE","RB78","11","163","392","248.7","56.3","263.0","-24.0"
"288","","Jeremy Maclin","FA","WR101","","166","248","212.2","28.3","271.0","-17.0"
"289","","Tavon Austin","DAL","WR102","8","184","340","238.8","42.2","266.0","-23.0"
"290","","Tre'Quan Smith","NO","WR103","6","166","374","264.2","74.7","267.0","-23.0"
"291","","Adam Shaheen","CHI","TE39","5","179","308","231.8","34.7","331.0","+40.0"
"292","","Mark Walton","CIN","RB79","9","170","416","262.0","85.7","334.0","+42.0"
"293","","Adam Vinatieri","IND","K20","9","181","280","221.5","21.9","237.0","-56.0"
"294","","Adam Humphries","TB","WR104","5","170","284","241.7","36.6","377.0","+83.0"
"295","","Richie James","SF","WR105","11","171","514","342.5","171.5","410.0","+115.0"
"296","","Josh Lambo","JAC","K21","9","187","298","220.7","32.9","257.0","-39.0"
"297","","Jaylen Samuels","PIT","TE40","7","175","436","289.8","97.2","258.0","-39.0"
"298","","Detroit Lions","","DST22","6","187","285","233.2","34.8","223.0","-75.0"
"299","","Kevin White","CHI","WR106","5","178","359","260.4","64.2","315.0","+16.0"
"300","","Buffalo Bills","","DST23","11","181","324","240.5","37.4","312.0","+12.0"
"301","","Alfred Blue","HOU","RB80","10","178","449","298.0","106.1","404.0","+103.0"
"302","","Teddy Bridgewater","NYJ","QB32","11","178","575","307.3","156.7","341.0","+39.0"
"303","","Robert Turbin","IND","RB81","9","179","432","281.8","83.9","384.0","+81.0"
"304","","Mike Davis","SEA","RB82","7","187","413","259.9","75.2","",""
"305","","Lamar Jackson","BAL","QB33","10","181","574","255.7","102.9","201.0","-104.0"
"306","","Deon Cain","IND","WR107","9","191","368","256.0","76.7","270.0","-36.0"
"307","","Taylor Gabriel","CHI","WR108","5","185","273","236.9","23.1","299.0","-8.0"
"308","","Corey Grant","JAC","RB83","9","194","313","234.6","31.9","311.0","+3.0"
"309","","De'Angelo Henderson","DEN","RB84","10","185","304","247.1","35.3","346.0","+37.0"
"310","","Phillip Dorsett","NE","WR109","11","185","423","304.0","119.0","242.0","-68.0"
"311","","Garrett Celek","SF","TE41","11","186","297","247.0","41.3","382.0","+71.0"
"312","","Chad Williams","ARI","WR110","9","188","295","245.9","31.3","345.0","+33.0"
"313","","Dallas Cowboys","","DST24","8","189","327","256.9","41.0","202.0","-111.0"
"314","","Baker Mayfield","CLE","QB34","11","191","571","259.8","85.7","197.0","-117.0"
"315","","Jeremy Kerley","BUF","WR111","11","193","292","254.2","34.3","",""
"316","","Kenny Britt","NE","WR112","11","193","381","265.1","48.3","344.0","+28.0"
"317","","Tampa Bay Buccaneers","","DST25","5","194","441","252.6","68.3","324.0","+7.0"
"318","","San Francisco 49ers","","DST26","11","194","304","265.0","37.3","279.0","-39.0"
"319","","Jakeem Grant","MIA","WR113","11","194","381","265.7","66.5","",""
"320","","Daniel Carlson","MIN","K22","10","196","216","208.0","7.3","235.0","-85.0"
"321","","Rico Gathers","DAL","TE42","8","196","326","251.3","43.0","339.0","+18.0"
"322","","Washington","","DST27","4","196","339","259.2","45.2","240.0","-82.0"
"323","","Charles Sims","TB","RB85","5","197","348","260.2","38.7","356.0","+33.0"
"324","","Nick Vannett","SEA","TE43","7","199","299","238.8","30.9","353.0","+29.0"
"325","","Jalen Richard","OAK","RB86","7","199","285","239.5","27.1","388.0","+63.0"
"326","","Josh Hill","NO","TE44","6","199","346","246.7","47.7","",""
"327","","Antonio Callaway","CLE","WR114","11","199","364","260.2","67.6","269.0","-58.0"
"328","","Josh Rosen","ARI","QB35","9","199","566","264.6","101.7","208.0","-120.0"
"329","","Cody Latimer","NYG","WR115","9","200","377","301.0","74.4","401.0","+72.0"
"330","","Phil Dawson","ARI","K23","9","201","246","223.5","22.5","352.0","+22.0"
"331","","Ryan Griffin","HOU","TE45","10","205","247","224.8","14.5","313.0","-18.0"
"332","","C.J. Fiedorowicz","FA","TE46","","205","247","226.0","21.0","",""
"333","","Malcolm Mitchell","FA","WR116","","218","244","231.0","13.0","338.0","+5.0"
"334","","Blair Walsh","FA","K24","","212","240","231.4","10.0","",""
"335","","Orleans Darkwa","FA","RB87","","206","265","233.7","24.2","335.0","0.0"
"336","","Terrance West","NO","RB88","6","217","247","234.5","9.7","400.0","+64.0"
"337","","Virgil Green","LAC","TE47","8","202","268","235.7","17.6","305.0","-32.0"
"338","","Dustin Hopkins","WAS","K25","4","233","239","236.0","3.0","373.0","+35.0"
"339","","Caleb Sturgis","LAC","K26","8","206","363","240.1","50.8","",""
"340","","Jaron Brown","SEA","WR117","7","205","294","240.4","26.0","358.0","+18.0"
"341","","Phillip Lindsay","DEN","RB89","10","220","263","241.5","21.5","416.0","+75.0"
"342","","Kyle Juszczyk","SF","RB90","11","204","283","241.8","27.0","",""
"343","","J'Mon Moore","GB","WR118","7","205","282","246.5","23.4","304.0","-39.0"
"344","","Torrey Smith","CAR","WR119","4","214","264","248.0","13.9","236.0","-108.0"
"345","","Kendall Wright","MIN","WR120","10","221","283","249.9","21.5","386.0","+41.0"
"346","","DeAndre Washington","OAK","RB91","7","209","318","250.4","27.0","367.0","+21.0"
"347","","DaeSean Hamilton","DEN","WR121","10","215","312","253.8","35.8","292.0","-55.0"
"348","","Justin Jackson","LAC","RB92","8","203","414","254.5","55.0","321.0","-27.0"
"349","","Shane Vereen","NO","RB93","6","253","264","258.5","5.5","282.0","-67.0"
"350","","Tyler Boyd","CIN","WR122","9","211","312","260.0","47.2","336.0","-14.0"
"351","","Adrian Peterson","FA","RB94","","216","315","261.0","35.6","340.0","-11.0"
"352","","Mike Gillislee","NE","RB95","11","211","439","262.8","69.1","366.0","+14.0"
"353","","Thomas Rawls","NYJ","RB96","11","205","390","263.9","56.4","419.0","+66.0"
"354","","Jamaal Charles","FA","RB97","","260","269","264.5","4.5","",""
"355","","Joe Williams","SF","RB98","11","206","422","266.2","58.9","307.0","-48.0"
"356","","Jonnu Smith","TEN","TE48","8","251","286","266.7","14.5","294.0","-62.0"
"357","","Sam Darnold","NYJ","QB36","11","203","568","267.4","101.0","211.0","-146.0"
"358","","Jacquizz Rodgers","TB","RB99","5","202","405","268.6","69.0","349.0","-9.0"
"359","","Josh Allen","BUF","QB37","11","213","507","272.6","96.4","228.0","-131.0"
"360","","Travaris Cadet","BUF","RB100","11","244","296","273.0","21.6","376.0","+16.0"
"361","","Clive Walford","NYJ","TE49","11","250","297","273.5","23.5","",""
"362","","Mark Andrews","BAL","TE50","10","215","319","274.8","44.8","286.0","-76.0"
"363","","D.J. Chark","JAC","WR123","9","227","314","278.2","31.0","262.0","-101.0"
"364","","Oakland Raiders","","DST28","7","216","348","279.2","42.1","",""
"365","","Jordan Akins","HOU","TE51","10","204","361","282.5","78.5","383.0","+18.0"
"366","","New York Jets","","DST29","11","228","395","283.2","56.9","",""
"367","","Cordarrelle Patterson","NE","WR124","11","213","337","285.0","50.7","347.0","-20.0"
"368","","Michael Roberts","DET","TE52","6","235","340","287.3","42.9","387.0","+19.0"
"369","","AJ McCarron","BUF","QB38","11","216","572","288.5","127.3","342.0","-27.0"
"370","","Charcandrick West","KC","RB101","12","259","345","291.3","38.2","",""
"371","","Carlos Henderson","DEN","WR125","10","214","360","293.5","53.2","403.0","+32.0"
"372","","Amara Darboh","SEA","WR126","7","212","371","294.0","63.8","393.0","+21.0"
"373","","Laquon Treadwell","MIN","WR127","10","278","310","294.0","16.0","337.0","-36.0"
"374","","Seth Roberts","OAK","WR128","7","281","307","294.0","13.0","371.0","-3.0"
"375","","Cleveland Browns","","DST30","11","218","349","294.4","43.9","306.0","-69.0"
"376","","Nick O'Leary","BUF","TE53","11","271","325","294.7","22.5","",""
"377","","Jermaine Gresham","ARI","TE54","9","257","354","300.0","40.4","",""
"378","","Chris Conley","KC","WR129","12","299","301","300.0","1.0","413.0","+35.0"
"379","","Bruce Ellington","HOU","WR130","10","298","309","303.5","5.5","",""
"380","","Equanimeous St. Brown","GB","WR131","7","213","430","304.3","91.9","327.0","-53.0"
"381","","Miami Dolphins","","DST31","11","268","370","304.5","39.0","",""
"382","","Chandler Catanzaro","TB","K27","5","223","388","305.5","82.5","",""
"383","","Boston Scott","NO","RB102","6","225","445","307.0","98.2","359.0","-24.0"
"384","","Seth DeValve","CLE","TE55","11","301","317","309.0","8.0","",""
"385","","Braxton Miller","HOU","WR132","10","300","323","311.5","11.5","",""
"386","","Ito Smith","ATL","RB103","8","219","447","313.8","87.9","316.0","-70.0"
"387","","Andre Holmes","BUF","WR133","11","244","352","314.3","49.8","",""
"388","","Roger Lewis","NYG","WR134","9","252","386","314.3","55.1","420.0","+32.0"
"389","","Demetrius Harris","KC","TE56","12","308","322","315.0","7.0","",""
"390","","Mack Hollins","PHI","WR135","9","243","373","315.3","54.1","362.0","-28.0"
"391","","Bo Scarbrough","DAL","RB104","8","218","434","315.5","77.6","296.0","-95.0"
"392","","Chris Moore","BAL","WR136","10","264","382","319.0","48.5","",""
"393","","Akrum Wadley","TEN","RB105","8","300","346","323.0","23.0","415.0","+22.0"
"394","","Geoff Swaim","DAL","TE57","8","265","389","328.3","50.7","333.0","-61.0"
"395","","Jonathan Williams","NO","RB106","6","223","462","336.0","98.0","",""
"396","","Brandon Coleman","FA","WR137","","324","353","338.5","14.5","",""
"397","","Kendrick Bourne","SF","WR138","11","233","398","340.3","76.0","418.0","+21.0"
"398","","Niles Paul","JAC","TE58","9","328","353","340.5","12.5","",""
"399","","Jeff Heuerman","DEN","TE59","10","293","389","341.0","48.0","326.0","-73.0"
"400","","Lance Kendricks","GB","TE60","7","315","369","342.0","27.0","",""
"401","","Braedon Bowman","LAC","TE61","8","260","426","343.0","83.0","",""
"402","","Rhett Ellison","NYG","TE62","9","325","361","343.0","18.0","",""
"403","","Tyler Ervin","HOU","RB107","10","245","444","344.5","99.5","",""
"404","","Wendell Smallwood","PHI","RB108","9","252","446","347.7","79.2","",""
"405","","Josh Reynolds","LAR","WR139","12","336","367","351.5","15.5","412.0","+7.0"
"406","","Erik Swoope","IND","TE63","9","335","370","352.5","17.5","",""
"407","","Demarcus Robinson","KC","WR140","12","329","379","354.0","25.0","",""
"408","","Chris Herndon IV","NYJ","TE64","11","331","378","354.5","23.5","407.0","-1.0"
"409","","Ryan Fitzpatrick","TB","QB39","5","226","573","358.3","153.2","351.0","-58.0"
"410","","Damien Williams","KC","RB109","12","273","460","358.3","77.2","",""
"411","","Justin Hardy","ATL","WR141","8","320","397","358.5","38.5","",""
"412","","Deonte Thompson","DAL","WR142","8","333","392","362.5","29.5","363.0","-49.0"
"413","","Cameron Artis-Payne","CAR","RB110","4","320","421","370.5","50.5","323.0","-90.0"
"414","","Breshad Perriman","BAL","WR143","10","352","400","376.0","24.0","",""
"415","","Benny Cunningham","CHI","RB111","5","332","427","379.5","47.5","",""
"416","","ArDarius Stewart","NYJ","WR144","11","384","397","390.5","6.5","",""
"417","","Indianapolis Colts","","DST32","9","287","502","397.3","87.9","",""
"418","","Tajae Sharpe","TEN","WR145","8","394","406","400.0","6.0","",""
"419","","J.D. McKissic","SEA","RB112","7","351","461","406.0","55.0","391.0","-28.0"
"420","","D.J. Foster","ARI","RB113","9","356","458","407.0","51.0","",""
"421","","Nick Foles","PHI","QB40","9","239","576","407.5","168.5","293.0","-128.0"
"422","","Tommy Bohanon","JAC","RB114","9","358","459","408.5","50.5","",""
"423","","Aaron Ripkowski","GB","RB115","7","355","474","414.5","59.5","",""
"424","","Patrick DiMarco","BUF","RB116","11","365","488","426.5","61.5","",""
"425","","Kerwynn Williams","KC","RB117","12","366","505","435.5","69.5","368.0","-57.0"
"426","","Marcus Murphy","BUF","RB118","11","380","498","439.0","59.0","",""
"427","","James Develin","NE","RB119","11","372","512","442.0","70.0","",""
"428","","Derek Watt","LAC","RB120","8","375","517","446.0","71.0","",""
"429","","Kapri Bibbs","WAS","RB121","4","357","547","452.0","95.0","248.0","-181.0"
"430","","Damiere Byrd","CAR","WR146","4","383","522","452.5","69.5","",""
"431","","Anthony Sherman","KC","RB122","12","398","508","453.0","55.0","",""
"432","","David Fluellen","TEN","RB123","8","396","529","462.5","66.5","",""
"433","","Devante Mays","GB","RB124","7","385","543","464.0","79.0","",""
"434","","Justin Davis","LAR","RB125","12","376","555","465.5","89.5","",""
"435","","Senorise Perry","MIA","RB126","11","393","540","466.5","73.5","",""
"436","","CJ Ham","MIN","RB127","10","401","535","468.0","67.0","",""
"437","","Brandon Bolden","NE","RB128","11","402","563","482.5","80.5","",""
""
""