Rank,Player,Drafted,Team,Pos,Bye,Best,Worst,Avg,Std Dev,ADP,vs. ADP
1,Todd Gurley,X,LAR,RB1,12,1,5,1.5,0.9,1,0
2,Le'Veon Bell,X,PIT,RB2,7,1,6,2.8,1.3,2,0
3,David Johnson,X,ARI,RB3,9,1,9,3.5,1.7,4,1
4,Ezekiel Elliott,X,DAL,RB4,8,1,8,3.5,1.5,3,-1
5,Antonio Brown,X,PIT,WR1,7,2,8,5,1.4,5,0
6,Alvin Kamara,X,NO,RB5,6,3,19,8.5,2.9,7,1
7,Saquon Barkley,X,NYG,RB6,9,2,22,8.5,3.8,6,-1
8,DeAndre Hopkins,X,HOU,WR2,10,3,37,8.7,4.9,10,2
9,Odell Beckham Jr.,X,NYG,WR3,9,4,14,9.5,2.5,12,3
10,Leonard Fournette,X,JAC,RB7,9,1,19,10.2,3.5,8,-2
11,Melvin Gordon,X,LAC,RB8,8,5,23,10.8,3.3,11,0
12,Kareem Hunt,X,KC,RB9,12,7,24,11.6,3.2,9,-3
13,Julio Jones,X,ATL,WR4,8,8,19,11.9,2.3,14,1
14,Michael Thomas,X,NO,WR5,6,7,40,14.8,4.4,16,2
15,Keenan Allen,X,LAC,WR6,8,9,23,16.3,3,19,4
16,Dalvin Cook,X,MIN,RB10,10,8,31,17.2,4.7,13,-3
17,Davante Adams,X,GB,WR7,7,10,35,17.3,3.5,18,1
18,A.J. Green,X,CIN,WR8,9,9,34,17.8,3.4,21,3
19,Christian McCaffrey,X,CAR,RB11,4,8,38,20.2,5.1,15,-4
20,Devonta Freeman,X,ATL,RB12,8,12,36,20.5,4.5,17,-3
21,Jordan Howard,X,CHI,RB13,5,12,45,21.8,5.1,22,1
22,Rob Gronkowski,X,NE,TE1,11,11,35,23.2,3.9,20,-2
23,T.Y. Hilton,X,IND,WR9,9,15,41,24.9,5.2,30,7
24,Mike Evans,X,TB,WR10,5,15,39,25,5.5,25,1
25,Joe Mixon,X,CIN,RB14,9,12,56,25.9,7.2,23,-2
26,Stefon Diggs,X,MIN,WR11,10,19,47,28.5,6.9,29,3
27,Tyreek Hill,X,KC,WR12,12,13,59,29.5,8.1,27,0
28,Travis Kelce,X,KC,TE2,12,19,66,31.3,9.9,28,0
29,Alex Collins,X,BAL,RB15,10,18,60,31.5,7.4,32,3
30,Adam Thielen,X,MIN,WR13,10,10,61,33,8.2,31,1
31,Doug Baldwin,X,SEA,WR14,7,21,78,34.4,11.7,37,6
32,LeSean McCoy,X,BUF,RB16,11,8,74,34.6,12,26,-6
33,Amari Cooper,X,OAK,WR15,7,22,60,34.7,7.1,33,0
34,Kenyan Drake,X,MIA,RB17,11,23,71,38.2,10.4,35,1
35,Zach Ertz,X,PHI,TE3,9,23,66,39.3,10.3,39,4
36,Larry Fitzgerald,X,ARI,WR16,9,24,89,39.4,11.2,42,6
37,Derrick Henry,X,TEN,RB18,8,22,71,39.6,10.5,34,-3
38,Lamar Miller,X,HOU,RB19,10,22,65,40.2,8.8,45,7
39,Aaron Rodgers,X,GB,QB1,7,20,297,42.5,36.5,24,-15
40,Royce Freeman,X,DEN,RB20,10,23,66,42.9,10.2,41,1
41,JuJu Smith-Schuster,X,PIT,WR17,7,13,68,43.6,8.4,40,-1
42,Allen Robinson,X,CHI,WR18,5,27,79,44.7,10.9,52,10
43,Jay Ajayi,X,PHI,RB21,9,14,91,44.8,14.4,38,-5
44,Demaryius Thomas,X,DEN,WR19,10,28,90,46.7,13.1,47,3
45,Marvin Jones,X,DET,WR20,6,34,96,49.1,11.5,54,9
46,Golden Tate,X,DET,WR21,6,32,80,50.8,10.1,53,7
47,Brandin Cooks,X,LAR,WR22,12,31,89,51.2,13.7,46,-1
48,Josh Gordon,X,CLE,WR23,11,21,86,51.5,13.2,50,2
49,Tom Brady,X,NE,QB2,11,26,83,50.2,10.5,43,-6
50,Jarvis Landry,X,CLE,WR24,11,28,94,53.5,12.4,44,-6
51,Chris Hogan,X,NE,WR25,11,26,144,54.2,21.6,55,4
52,Russell Wilson,X,SEA,QB3,7,25,84,51.9,12.2,48,-4
53,Rex Burkhead,X,NE,RB22,11,26,108,58.3,15.6,70,17
54,Cam Newton,X,CAR,QB4,4,33,86,55.6,13.1,56,2
55,Marshawn Lynch,X,OAK,RB23,7,38,102,57.1,11.3,57,2
56,Dion Lewis,X,TEN,RB24,8,29,91,60.5,15.5,61,5
57,Mark Ingram,X,NO ,RB25,6,29,112,58,15.1,51,-6
58,Corey Davis,X,TEN,WR26,8,41,96,60.9,11.9,65,7
59,Marquise Goodwin,X,SF,WR27,11,38,122,61.6,14.4,66,7
60,Deshaun Watson,X,HOU,QB5,10,30,105,60.9,14.9,36,-24
61,Michael Crabtree,X,BAL,WR28,10,43,126,66.3,16.5,67,6
62,Greg Olsen,X,CAR,TE4,4,47,101,67.1,12.3,58,-4
63,Tevin Coleman,X,ATL,RB26,8,38,115,64.6,15.6,62,-1
64,Jimmy Graham,X,GB,TE5,7,30,117,68.3,15.4,49,-15
65,Drew Brees,X,NO,QB6,6,34,99,67.5,14.6,60,-5
66,Carlos Hyde,X,CLE,RB27,11,38,146,67.5,20.3,59,-7
67,Emmanuel Sanders,X,DEN,WR29,10,46,124,70.2,15.7,78,11
68,Sammy Watkins,X,KC,WR30,12,36,143,74.8,20.8,80,12
69,Jamaal Williams,X,GB,RB28,7,25,140,73.6,22.9,71,2
70,Delanie Walker,X,TEN,TE6,8,53,114,76.7,13.7,77,7
71,Evan Engram,X,NYG,TE7,9,45,116,78.8,15.3,64,-7
72,Kerryon Johnson,X,DET,RB29,6,34,121,74.3,16.6,63,-9
73,Robby Anderson,X,NYJ,WR31,11,44,128,79.8,17.7,98,25
74,Devin Funchess,X,CAR,WR32,4,41,150,81,18.8,85,11
75,Robert Woods,X,LAR,WR33,12,54,189,81.4,21.9,87,12
76,Alshon Jeffery,X,PHI,WR34,9,40,147,81.5,19.2,69,-7
77,Kirk Cousins,X,MIN,QB7,10,40,116,79.7,17.8,79,2
78,Kyle Rudolph,X,MIN,TE8,10,55,128,82.4,14.6,76,-2
79,Cooper Kupp,X,LAR,WR35,12,47,116,83.5,14,89,10
80,Chris Carson,X,SEA,RB30,7,43,188,84.3,25.7,84,4
81,Peyton Barber,X,TB,RB31,5,51,136,82.1,18.8,104,23
82,Matthew Stafford,X,DET,QB8,6,48,130,82.4,18.5,95,13
83,Jamison Crowder,X,WAS,WR36,4,45,134,85,16.3,102,19
84,Andrew Luck,X,IND,QB9,9,37,134,83.8,19.4,82,-2
85,Nelson Agholor,X,PHI,WR37,9,51,154,86.2,18.4,103,18
86,Will Fuller,X,HOU,WR38,10,46,142,90.1,18.8,74,-12
87,Alfred Morris,X,SF,RB32,11,48,144,84.6,19.6,199,112
88,Carson Wentz,X,PHI,QB10,9,42,156,89.6,23.1,68,-20
89,Sony Michel,X,NE,RB33,11,33,164,83.1,22.9,72,-17
90,Ben Roethlisberger,X,PIT,QB11,7,47,121,90.7,17.3,96,6
91,Kenny Stills,X,MIA,WR39,11,48,197,93,27.8,116,25
92,Pierre Garcon,X,SF,WR40,11,56,160,93.7,21.2,97,5
93,Trey Burton,X,CHI,TE9,5,49,159,94,22.5,81,-12
94,Randall Cobb,X,GB,WR41,7,58,139,92.5,20.9,99,5
95,Isaiah Crowell,X,NYJ,RB34,11,58,147,91.8,17.7,86,-9
96,Philip Rivers,X,LAC,QB12,8,57,160,99,22.7,101,5
97,Jordan Reed,X,WAS,TE10,4,24,142,101.2,20.4,88,-9
98,Jordy Nelson,X,OAK,WR42,7,45,149,101.3,20.5,83,-15
99,Chris Thompson,,WAS,RB35,4,51,142,96.4,20.3,93,-6
100,Rashaad Penny,X,SEA,RB36,7,29,149,94.5,25.6,75,-25
101,Jimmy Garoppolo,,SF,QB13,11,56,173,102.9,19.7,94,-7
102,Julian Edelman,X,NE ,WR43,11,61,174,102.2,20.7,73,-29
103,Marlon Mack,,IND,RB37,9,60,161,98.8,21.8,92,-11
104,Matt Breida,,SF,RB38,11,48,175,101.9,26.7,152,48
105,Patrick Mahomes,X,KC,QB14,12,57,164,107.7,22.1,112,7
106,Kelvin Benjamin,,BUF,WR44,11,67,202,105.9,19.7,114,8
107,Duke Johnson,X,CLE,RB39,11,37,158,104.4,23.7,105,-2
108,Matt Ryan,,ATL,QB15,8,54,191,110.1,24.6,100,-8
109,Sterling Shepard,X,NYG,WR45,9,70,222,108.3,26.4,110,1
110,Jack Doyle,,IND,TE11,9,81,167,113.7,18,117,7
111,David Njoku,X,CLE,TE12,11,67,184,115,20.7,109,-2
112,Keelan Cole,,JAC,WR46,9,63,234,116.3,30.3,145,33
113,Adrian Peterson,X,WAS,RB40,4,51,162,106.8,24.2,108,-5
114,Jared Goff,,LAR,QB16,12,75,168,117.8,21.8,107,-7
115,Tarik Cohen,X,CHI,RB41,5,68,173,113.1,19.2,90,-25
116,Marcus Mariota,,TEN,QB17,8,64,181,120,23.1,135,19
117,George Kittle,X,SF,TE13,11,82,179,123.2,20.3,134,17
118,Alex Smith,,WAS,QB18,4,65,197,122,25.1,132,14
119,Kenny Golladay,,DET,WR47,6,70,245,124.4,29.8,142,23
120,Bilal Powell,,NYJ,RB42,11,66,179,125.2,26.4,141,21
121,Ronald Jones II,X,TB,RB43,5,52,200,120.4,26.4,91,-30
122,C.J. Anderson,X,CAR,RB44,4,58,179,126.1,25.2,113,-9
123,Tyler Lockett,X,SEA,WR48,7,80,226,131.5,34.5,154,31
124,Allen Hurns,,DAL,WR49,8,81,228,126.6,31.1,123,-1
125,Dak Prescott,,DAL,QB19,8,88,199,132.9,24.6,138,13
126,Aaron Jones,,GB ,RB45,7,34,182,124.9,30.1,111,-15
127,Devante Parker,,MIA,WR50,11,87,213,132,26.9,119,-8
128,Rishard Matthews,,TEN,WR51,8,94,252,134.9,33,171,43
129,James White,,NE,RB46,11,99,231,135.1,26.3,121,-8
130,D.J. Moore,,CAR,WR52,4,64,225,133.9,27.4,125,-5
131,Josh Doctson,,WAS,WR53,4,92,240,138.5,29.2,153,22
132,Tyler Eifert,X,CIN,TE14,9,97,223,139.5,25.1,137,5
133,O.J. Howard,,TB,TE15,5,87,231,142.4,29.4,151,18
134,Giovani Bernard,,CIN,RB47,9,90,180,134.1,18.9,147,13
135,Chris Godwin,,TB,WR54,5,86,186,137,22.8,177,42
136,Devontae Booker,,DEN,RB48,10,89,189,140.7,20.6,126,-10
137,Mike Williams,,LAC,WR55,8,95,237,140.2,30.5,128,-9
138,John Brown,,BAL,WR56,10,87,241,144.2,37.6,158,20
139,Latavius Murray,,MIN,RB49,10,76,206,139.6,27.8,130,-9
140,Corey Clement,,PHI,RB50,9,91,270,140.8,32.1,133,-7
141,Michael Gallup,,DAL,WR57,8,94,247,142,29.3,144,3
142,Anthony Miller,,CHI,WR58,5,93,238,143.9,30.5,167,25
143,Ty Montgomery,,GB,RB51,7,100,193,143.7,22.8,129,-14
144,Blake Bortles,,JAC,QB20,9,94,203,145.6,26.1,197,53
145,Nick Chubb,,CLE,RB52,11,72,206,140.8,29.3,115,-30
146,Jacksonville (JAC),,,DST1,9,97,296,150.8,43.1,106,-40
147,Derek Carr,,OAK,QB21,7,100,203,149.1,25.3,136,-11
148,Eli Manning,,NYG,QB22,9,101,202,151,26.4,159,11
149,Mitch Trubisky,,CHI,QB23,5,100,198,149.6,22.9,186,37
150,Eric Ebron,,IND,TE16,9,112,236,157.1,26.6,179,29
151,Cameron Meredith,,NO,WR59,6,74,219,149.7,29.6,149,-2
152,Andy Dalton,,CIN,QB24,9,97,209,158.3,26.9,190,38
153,Dede Westbrook,,JAC,WR60,9,114,200,148.4,21.7,176,23
154,Minnesota (MIN),,,DST2,10,101,260,152.7,33,122,-32
155,Tyrell Williams,,LAC,WR61,8,103,249,155.6,38.1,180,25
156,Theo Riddick,,DET,RB53,6,118,224,156.2,22.5,164,8
157,John Ross,,CIN,WR62,9,111,285,157.5,41.3,191,34
158,Cameron Brate,,TB,TE17,5,106,235,162,26,185,27
159,Los Angeles (LAR),,,DST3,12,103,259,156.6,33.4,118,-41
160,DeSean Jackson,,TB,WR63,5,94,233,158.2,30.7,175,15
161,Jared Cook,,OAK,TE18,7,106,231,164.2,26.7,173,12
162,Calvin Ridley,,ATL,WR64,8,81,224,153,32.9,120,-42
163,Paul Richardson,,WAS,WR65,4,104,241,156.9,29.4,194,31
164,Philadelphia (PHI),,,DST4,9,104,261,158.4,30.7,127,-37
165,Jordan Wilkins,,IND,RB54,9,92,241,153.7,35.3,157,-8
166,Mohamed Sanu,,ATL,WR66,8,100,247,161.7,34.3,165,-1
167,Charles Clay,,BUF,TE19,11,107,229,164.5,23.5,233,66
168,Los Angeles (LAC),,,DST5,8,110,262,162.3,31.7,139,-29
169,LeGarrette Blount,,DET,RB55,6,86,212,158.4,29.9,143,-26
170,Austin Seferian-Jenkins,,JAC,TE20,9,98,229,166,31.3,169,-1
171,Case Keenum,,DEN,QB25,10,98,246,165.3,33,204,33
172,Benjamin Watson,,NO,TE21,6,107,236,168.4,28.1,213,41
173,Ted Ginn,,NO,WR67,6,107,251,165.3,39.6,174,1
174,Frank Gore,,MIA,RB56,11,107,217,161.9,25.6,195,21
175,Ricky Seals-Jones,X,ARI,TE22,9,80,235,172,27.6,212,37
176,Houston (HOU),,,DST6,10,109,264,169.1,32.4,148,-28
177,Austin Ekeler,,LAC,RB57,8,112,241,169.9,32.2,172,-5
178,Baltimore (BAL),,,DST7,10,123,263,172.4,32.5,146,-32
179,Doug Martin,,OAK,RB58,7,117,256,172.6,29.4,156,-23
180,Denver (DEN),,,DST8,10,112,265,172.8,32,150,-30
181,Stephen Gostkowski,,NE,K1,11,119,278,173.6,31.3,124,-57
182,Donte Moncrief,,JAC,WR68,9,88,247,171.2,32.6,235,53
183,Jameis Winston,,TB ,QB26,5,92,240,176,30.1,155,-28
184,Austin Hooper,,ATL,TE23,8,121,232,176.5,26.6,225,41
185,Mike Wallace,,PHI,WR69,9,109,242,175.2,31.1,273,88
186,Tyrod Taylor,,CLE,QB27,11,94,243,178.9,35.7,227,41
187,Christian Kirk,,ARI,WR70,9,118,252,175.8,33.6,202,15
188,New Orleans (NO),,,DST9,6,128,267,180.5,29.5,168,-20
189,Quincy Enunwa,,NYJ,WR71,11,102,242,176.2,31.7,271,82
190,Justin Tucker,,BAL,K2,10,123,280,181.8,33.3,140,-50
191,Greg Zuerlein,,LAR,K3,12,122,279,179.6,31.3,131,-60
192,Javorius Allen,,BAL,RB59,10,98,255,178.4,34,209,17
193,Geronimo Allison,,GB,WR72,7,122,266,174.9,32.8,193,0
194,Ryan Grant,,IND,WR73,9,116,241,175.3,31.9,284,90
195,Vance McDonald,,PIT,TE24,7,120,237,184.2,25.8,237,42
196,Danny Amendola,,MIA,WR74,11,125,232,179.1,26.6,222,26
197,Ryan Tannehill,,MIA,QB28,11,120,239,182.4,23.7,255,58
198,Nyheim Hines,,IND,RB60,9,91,248,182.2,31.3,187,-11
199,Courtland Sutton,,DEN,WR75,10,110,284,187,39.6,205,6
200,Mike Gesicki,,MIA,TE25,11,109,238,185.3,30,203,3
201,Chris Ivory,,BUF,RB61,11,109,240,181.6,25.9,231,30
202,James Washington,,PIT,WR76,7,116,257,187.5,34.1,215,13
203,Taywan Taylor,,TEN,WR77,8,82,276,183.6,35.1,267,64
204,New England (NE),,,DST10,11,125,268,189.1,30.9,189,-15
205,Spencer Ware,,KC,RB62,12,125,244,185.3,30.6,208,3
206,Matt Bryant,,ATL,K4,8,129,285,186.9,31.5,183,-23
207,Carolina (CAR),,,DST11,4,132,266,187.8,27.9,181,-26
208,Pittsburgh (PIT),,,DST12,7,133,271,189.6,31.3,170,-38
209,D'Onta Foreman,,HOU,RB63,10,112,264,189.5,36.4,162,-47
210,Wil Lutz,,NO,K5,6,141,281,191.1,30.4,161,-49
211,Chicago (CHI),,,DST13,5,131,269,190.6,29.3,207,-4
212,Dez Bryant,,FA,WR78,,93,280,172.4,47.1,163,-49
213,Joe Flacco,,BAL,QB29,10,131,260,193,31.6,253,40
214,Robert Kelley,,WAS,RB64,4,103,245,187.6,29.7,188,-26
215,Jeremy Hill,,NE,RB65,11,124,261,198.1,36.9,210,-5
216,Seattle (SEA),,,DST14,7,135,335,200.1,41.6,226,10
217,T.J. Yeldon,,JAC,RB66,9,142,268,196.2,29.8,198,-19
218,Samaje Perine,,WAS,RB67,4,91,274,188.5,37.7,196,-22
219,Matt Prater,,DET,K6,6,142,286,197.4,29.8,211,-8
220,Brandon Marshall,,SEA,WR79,7,107,275,195.4,37.4,268,48
221,Jake Elliott,,PHI,K7,9,127,282,200.8,32.1,166,-55
222,Chris Boswell,,PIT,K8,7,148,283,199.5,29.3,182,-40
223,Antonio Gates,,LAC,TE26,8,130,244,191.4,26.9,292,69
224,Dante Pettis,,SF,WR80,11,109,284,204.8,42.4,287,63
225,Martavis Bryant,,FA,WR81,,138,252,181.9,35.3,178,-47
226,Atlanta (ATL),,,DST15,8,135,272,202.4,28.4,221,-5
227,Kalen Ballage,,MIA,RB68,11,126,283,204.4,39.8,241,14
228,Sam Darnold,,NYJ,QB30,11,148,296,209.7,35.7,252,24
229,Albert Wilson,,MIA,WR82,11,163,267,203.8,28.4,249,20
230,Cole Beasley,,DAL,WR83,8,106,251,207.6,33.9,243,13
231,Harrison Butker,,KC,K9,12,148,284,202.4,28.7,160,-71
232,James Conner,,PIT,RB69,7,126,282,210,42.3,200,-32
233,Kansas City (KC),,,DST16,12,158,308,200.3,33.5,217,-16
234,Kenneth Dixon,,BAL,RB70,10,127,243,196.9,28.3,218,-16
235,Corey Grant,,JAC,RB71,9,111,260,204.2,36.7,314,79
236,Darren Sproles,,PHI,RB72,9,148,247,205.4,28.8,262,26
237,Tre'Quan Smith,,NO,WR84,6,115,281,210.3,37.8,256,19
238,Green Bay (GB),,,DST17,7,137,266,206.8,33.9,220,-18
239,Dan Bailey,,FA,K10,,151,288,199.7,30.9,216,-23
240,Wayne Gallman,,NYG,RB73,9,132,325,212.6,40.9,280,40
241,Boston Scott,,NO,RB74,6,132,295,209,50.1,351,110
242,Robbie Gould,,SF,K11,11,133,291,208.7,30.3,184,-58
243,Jonathan Stewart,,NYG,RB75,9,149,270,213.3,39,276,33
244,John Kelly,,LAR,RB76,12,154,304,221.6,39.8,266,22
245,Chase Edmonds,,ARI,RB77,9,132,267,209.7,32.3,258,13
246,Arizona (ARI),,,DST18,9,150,272,210.3,30.2,224,-22
247,Travis Benjamin,,LAC,WR85,8,161,290,217,43.4,295,48
248,Jermaine Kearse,,NYJ,WR86,11,142,255,211.2,28.4,297,49
249,Rod Smith,,DAL,RB78,8,155,274,217,36.8,265,16
250,Phillip Dorsett,,NE,WR87,11,137,283,210.8,39.4,260,10
251,Terrance Williams,,DAL,WR88,8,166,279,213.1,33.7,272,21
252,Hayden Hurst,,BAL,TE27,10,140,256,208.8,32.1,201,-51
253,Mason Crosby,,GB,K12,7,153,289,211.1,27.7,234,-19
254,Sam Bradford,,ARI,QB31,9,155,250,210.5,28.7,242,-12
255,Corey Coleman,,FA,WR89,,143,254,205.8,33.4,263,8
256,Josh Allen,,BUF,QB32,11,153,257,212.6,31.5,270,14
257,Ryan Succop,,TEN,K13,8,159,292,210.4,35.7,248,-9
258,Jake Butt,,DEN,TE28,10,133,259,217.2,36.4,214,-44
259,Daniel Carlson,,MIN,K14,10,156,319,221.2,41.2,232,-27
260,Mike Gillislee,,FA,RB79,,146,316,243.1,61.1,333,73
261,Willie Snead,,BAL,WR90,10,175,299,226.8,35.2,306,45
262,Graham Gano,,CAR,K15,4,155,287,218.5,28.3,240,-22
263,Adam Vinatieri,,IND,K16,9,158,293,216.3,27.4,238,-25
264,Cincinnati (CIN),,,DST19,9,154,293,223,27.6,288,24
265,Ameer Abdullah,,DET,RB80,6,136,270,226.9,38.2,281,16
266,Tennessee (TEN),,,DST20,8,172,302,224.7,34.7,192,-74
267,D.J. Chark,,JAC,WR91,9,161,311,230,43,325,58
268,Baker Mayfield,,CLE,QB33,11,147,289,234.4,35.8,229,-39
269,Chester Rogers,,IND,WR92,9,163,300,234.8,38,,
270,Trent Taylor,,SF,WR93,11,178,278,226.5,29.1,329,59
271,New York (NYG),,,DST21,9,162,292,226.6,34,282,11
272,Stephen Anderson,,FA,TE29,,143,293,240.8,55.8,404,132
273,Vernon Davis,,WAS,TE30,4,154,266,227.1,25.9,277,4
274,Detroit (DET),,,DST22,6,162,294,237.3,39.5,250,-24
275,Josh Rosen,,ARI,QB34,9,156,291,242.1,43.3,291,16
276,Cordarrelle Patterson,,NE,WR94,11,151,311,233.8,42.9,308,32
277,Seth Roberts,,OAK,WR95,7,165,322,229.5,61.7,394,117
278,Luke Willson,,DET,TE31,6,173,265,228.3,26.6,223,-55
279,San Francisco (SF),,,DST23,11,152,339,253.8,57.2,289,10
280,Christine Michael,,IND,RB81,9,158,283,230.6,47.2,344,64
281,J.J. Nelson,,ARI,WR96,9,174,296,233.7,31.6,364,83
282,Jaron Brown,,SEA,WR97,7,176,293,226.8,29.6,339,57
283,Brandon McManus,,DEN,K17,10,160,297,241.5,35.8,261,-22
284,Josh Lambo,,JAC,K18,9,161,313,239.1,41,219,-65
285,Dallas Goedert,,PHI,TE32,9,186,302,239.8,39.4,246,-39
286,Ka'imi Fairbairn,,HOU,K19,10,160,294,245.2,44.8,257,-29
287,Jesse James,,PIT,TE33,7,165,326,266.8,54.9,228,-59
288,Ryan Fitzpatrick,,TB,QB35,5,185,306,241,51.7,247,-41
289,Chad Williams,,ARI,WR98,9,172,324,252.9,42.9,369,80
290,Mike Davis,,SEA,RB82,7,169,306,267,49.9,,
291,Tyler Boyd,,CIN,WR99,9,177,312,234.4,39.3,363,72
292,Antonio Callaway,,CLE,WR100,11,172,288,236.9,34.4,311,19
293,Cleveland (CLE),,,DST24,11,172,291,240.8,41.5,245,-48
294,Elijah McGuire,,NYJ,RB83,11,173,275,228.7,23.5,299,5
295,Laquon Treadwell,,MIN,WR101,10,184,332,245.6,53.7,356,61
296,Jonathan Williams,,FA,RB84,,177,283,227.5,37.6,274,-22
297,Adam Shaheen,,CHI,TE34,5,188,276,241,33,304,7
298,Ryan Griffin,,HOU,TE35,10,185,310,237.7,39.7,320,22
299,C.J. Prosise,,SEA,RB85,7,188,291,243,31.6,285,-14
300,Nick Foles,,PHI,QB36,9,187,307,246.3,55,310,10
301,Robert Turbin,,IND ,RB86,9,182,309,261.6,42.6,,
302,Nick Vannett,,SEA,TE36,7,183,304,235.4,35.4,365,63
303,Lamar Jackson,,BAL,QB37,10,186,297,249.6,40.5,230,-73
304,Alfred Blue,,HOU,RB87,10,186,301,240.5,32.8,358,54
305,Josh McCown,,NYJ,QB38,11,188,286,246.1,33,298,-7
306,Jakeem Grant,,MIA,WR102,11,188,316,247.3,52.7,,
307,Nathan Peterman,,BUF,QB39,11,189,293,241,52,318,11
308,Washington (WAS),,,DST25,4,189,315,262.1,45.7,332,24
309,Jacoby Brissett,,IND,QB40,9,191,308,249.5,58.5,,
310,Terrance West,,FA,RB88,,192,223,207.5,15.5,370,60
311,Phillip Lindsay,,DEN,RB89,10,192,303,255,46.5,328,17
312,Kyle Juszczyk,,SF,RB90,11,193,312,261.9,37.6,,
313,Damien Williams,,KC,RB91,12,194,306,265.3,50.6,,
314,Jacquizz Rodgers,,TB,RB92,5,194,335,287.2,45.4,342,28
315,Kai Forbath,,FA,K20,,195,309,230,37.5,251,-64
316,Taylor Gabriel,,CHI,WR103,5,197,300,234.9,31,374,58
317,Tavon Austin,,DAL,WR104,8,196,314,243.7,31.2,290,-27
318,Dallas (DAL),,,DST26,8,199,319,245.3,39.9,239,-79
319,Caleb Sturgis,,LAC,K21,8,199,330,260.7,48.5,305,-14
320,Jalen Richard,,OAK,RB93,7,200,343,256.6,42.1,341,21
321,Terrelle Pryor,,NYJ,WR105,11,202,305,233.6,24.2,244,-77
322,Gerald Everett,,LAR,TE37,12,202,314,234.6,29.1,348,26
323,Jordan Matthews,,FA,WR106,,219,248,234.7,12,236,-87
324,Josh Hill,,NO,TE38,6,208,287,236,36.1,,
325,Jordan Akins,,HOU,TE39,10,206,268,237,31,359,34
326,Kenny Britt,,FA,WR107,,226,252,239,13,,
327,Zay Jones,,BUF,WR108,11,203,311,240.8,26.9,275,-52
328,Chris Moore,,BAL,WR109,10,234,251,242.5,8.5,,
329,Charles Sims,,FA,RB94,,221,266,243.5,22.5,338,9
330,Curtis Samuel,,CAR,WR110,4,208,316,247.8,31,350,20
331,Cody Latimer,,NYG,WR111,9,222,277,250.5,26.1,337,6
332,Tyler Kroft,,CIN,TE40,9,205,283,251,26.4,376,44
333,Jeremy Maclin,,FA,WR112,,242,261,251.7,7.8,334,1
334,Virgil Green,,LAC,TE41,8,208,315,253.2,35.8,307,-27
335,Buffalo (BUF),,,DST27,11,209,294,253.3,33.4,279,-56
336,Blake Jarwin,,DAL,TE42,8,224,327,253.4,37.7,259,-77
337,De'Angelo Henderson,,FA,RB95,,229,285,253.5,20.1,343,6
338,Joe Williams,,FA,RB96,,224,284,254,30,317,-21
339,Kevin White,,CHI,WR113,5,234,293,255.6,20.3,286,-53
340,Equanimeous St. Brown,,GB,WR114,7,243,270,256.5,13.5,386,46
341,Torrey Smith,,CAR,WR115,4,207,321,256.6,32,340,-1
342,Jeremy Kerley,,BUF,WR116,11,202,333,260,56,,
343,Mack Hollins,,PHI,WR117,9,223,294,260,23.3,,
344,Keke Coutee,,HOU,WR118,10,227,322,260.4,29,321,-23
345,Blair Walsh,,FA,K22,,214,320,261,40.8,,
346,Brice Butler,,FA,WR119,,244,323,261.1,25.9,352,6
347,Jeff Heuerman,,DEN,TE43,10,246,282,264,18,380,33
348,Mark Andrews,,BAL,TE44,10,230,324,264.3,42.4,313,-35
349,Adam Humphries,,TB,WR120,5,240,308,266.3,27.8,355,6
350,Thomas Rawls,,FA,RB97,,250,285,266.7,14.3,,
351,Cairo Santos,,FA,K23,,218,317,267,43.9,254,-97
352,Malcolm Mitchell,,FA,WR121,,258,279,268.5,10.5,345,-7
353,Bruce Ellington,,HOU,WR122,10,242,303,268.7,25.5,393,40
354,Ed Dickson,,SEA,TE45,7,220,298,268.8,25.3,360,6
355,Teddy Bridgewater,,NO,QB41,6,253,288,270.5,17.5,367,12
356,Ryan Switzer,,PIT,WR123,7,259,284,271.5,12.5,,
357,New York (NYJ),,,DST28,11,233,342,272.7,49.2,312,-45
358,Kendall Wright,,FA,WR124,,256,293,274.5,18.5,377,19
359,Chris Warren III,,OAK,RB98,7,217,334,275.5,58.5,278,-81
360,Chandler Catanzaro,,TB,K24,5,274,277,275.5,1.5,335,-25
361,Tyler Higbee,,LAR,TE46,12,233,341,277.3,39.6,373,12
362,DaeSean Hamilton,,DEN,WR125,10,217,336,279,42.1,401,39
363,DeAndre Washington,,OAK,RB99,7,216,329,279.1,35,371,8
364,Tampa Bay (TB),,,DST29,5,239,337,279.5,39.2,316,-48
365,Justin Jackson,,LAC,RB100,8,221,328,280.9,36.1,346,-19
366,AJ McCarron,,OAK,QB42,7,264,292,282,12.8,315,-51
367,Tyler Ervin,,HOU,RB101,10,250,315,282.5,32.5,,
368,Mark Walton,,CIN,RB102,9,209,331,283.8,42.3,347,-21
369,Oakland (OAK),,,DST30,7,227,344,285.5,58.5,293,-76
370,J'Mon Moore,,GB,WR126,7,254,321,287.5,33.5,303,-67
371,Dustin Hopkins,,WAS,K25,4,209,350,289.6,48.9,302,-69
372,Garrett Celek,,SF,TE47,11,260,309,289.7,21.3,206,-166
373,Rico Gathers,,DAL,TE48,8,242,329,290.5,31.9,309,-64
374,Jaylen Samuels,,PIT,TE49,7,239,347,293,54,319,-55
375,TJ Jones,,DET,WR127,6,263,331,297,34,,
376,Chris Herndon IV,,NYJ,TE50,11,272,323,297.5,25.5,385,9
377,Chris Conley,,KC,WR128,12,271,340,298.7,29.8,,
378,Jonnu Smith,,TEN,TE51,8,273,325,300,21.3,327,-51
379,Phil Dawson,,ARI,K26,9,273,330,302,23.3,294,-85
380,Breshad Perriman,,FA,WR129,,278,328,303,25,,
381,Cody Parkey,,CHI,K27,5,275,332,303.5,28.5,336,-45
382,Josh Reynolds,,LAR,WR130,12,260,348,304,44,,
383,Marcus Murphy,,BUF,RB103,11,275,333,304,29,389,6
384,Ito Smith,,ATL,RB104,8,297,313,305,8,402,18
385,Marcedes Lewis,,GB,TE52,7,288,326,307,19,354,-31
386,Jermaine Gresham,,ARI,TE53,9,285,338,311.5,26.5,,
387,Malcolm Brown,,LAR,RB105,12,291,334,312.5,21.5,324,-63
388,Steven Hauschka,,BUF,K28,11,272,346,315,31.4,269,-119